Trial,Replicate,IndividualID,FoodDate,Sex,PupationDate,PupalMass,PupationAge,EmergenceDate,EmergenceAge,Ultrasound,,,
1 to 3,31,5,12/10/17,F,NA,0.3935,NA,1/13/18,34,N,,Trial,Average
1 to 3,31,15,12/10/17,F,NA,0.3593,NA,1/13/18,34,N,,Control,23.98201439
1 to 3,31,20,12/10/17,F,NA,0.3301,NA,1/13/18,34,N,,Bat Call,23.41899441
1 to 3,31,25,12/10/17,F,NA,0.3639,NA,1/13/18,34,N,,Over Exp,21.27118644
1 to 3,31,30,12/10/17,F,NA,0.3802,NA,1/13/18,34,N,,Sound Room,26.15736041
1 to 3,31,36,12/11/17,F,NA,0.3951,NA,1/14/18,34,N,,,
1 to 3,31,40,12/11/17,F,NA,0.4606,NA,1/14/18,34,N,,,
1 to 3,31,44,12/11/17,F,NA,0.3155,NA,1/14/18,34,N,,,
1 to 3,31,48,12/11/17,F,NA,0.35,NA,1/14/18,34,N,,,
1 to 3,31,52,12/11/17,F,NA,0.3543,NA,1/14/18,34,N,,,
1 to 3,31,10,12/10/17,M,NA,0.3962,NA,1/13/18,34,N,,,
1 to 3,31,56,12/11/17,M,NA,0.3471,NA,1/14/18,34,N,,,
1 to 3,31,61,12/11/17,M,NA,0.3715,NA,1/14/18,34,N,,,
1 to 3,31,3,12/10/17,F,NA,0.4079,NA,1/12/18,33,N,,,
1 to 3,31,4,12/10/17,F,NA,0.4416,NA,1/12/18,33,N,,,
1 to 3,31,8,12/10/17,F,NA,0.3644,NA,1/12/18,33,N,,,
1 to 3,31,14,12/10/17,F,NA,0.3704,NA,1/12/18,33,N,,,
1 to 3,31,18,12/10/17,F,NA,0.4223,NA,1/12/18,33,N,,,
1 to 3,31,23,12/10/17,F,NA,0.3973,NA,1/12/18,33,N,,,
1 to 3,31,29,12/10/17,F,NA,0.4073,NA,1/12/18,33,N,,,
1 to 3,31,38,12/11/17,F,NA,0.329,NA,1/13/18,33,N,,,
1 to 3,31,46,12/11/17,F,NA,0.4149,NA,1/13/18,33,N,,,
1 to 3,31,47,12/11/17,F,NA,0.3506,NA,1/13/18,33,N,,,
1 to 3,31,59,12/11/17,F,NA,0.3971,NA,1/13/18,33,N,,,
1 to 3,31,63,12/11/17,F,NA,NA,NA,1/13/18,33,N,,,
1 to 3,31,9,12/10/17,M,NA,0.3858,NA,1/12/18,33,N,,,
1 to 3,31,13,12/10/17,M,NA,0.3379,NA,1/12/18,33,N,,,
1 to 3,31,19,12/10/17,M,NA,0.4267,NA,1/12/18,33,N,,,
1 to 3,31,24,12/10/17,M,NA,0.3786,NA,1/12/18,33,N,,,
1 to 3,31,28,12/10/17,M,NA,0.3838,NA,1/12/18,33,N,,,
1 to 3,31,35,12/11/17,M,NA,0.3357,NA,1/13/18,33,N,,,
1 to 3,31,39,12/11/17,M,NA,0.4052,NA,1/13/18,33,N,,,
1 to 3,31,42,12/11/17,M,NA,0.4647,NA,1/13/18,33,N,,,
1 to 3,31,43,12/11/17,M,NA,0.3423,NA,1/13/18,33,N,,,
1 to 3,31,50,12/11/17,M,NA,0.3522,NA,1/13/18,33,N,,,
1 to 3,31,51,12/11/17,M,NA,0.4316,NA,1/13/18,33,N,,,
1 to 3,31,54,12/11/17,M,NA,0.3287,NA,1/13/18,33,N,,,
1 to 3,31,55,12/11/17,M,NA,0.3475,NA,1/13/18,33,N,,,
1 to 3,31,60,12/11/17,M,NA,0.3672,NA,1/13/18,33,N,,,
1 to 3,31,64,12/11/17,M,NA,0.3776,NA,1/13/18,33,N,,,
1 to 3,32,5,12/15/17,NA,NA,NA,NA,1/17/18,33,N,,,
1 to 3,32,8,12/15/17,NA,NA,NA,NA,1/17/18,33,N,,,
1 to 3,32,12,12/15/17,NA,NA,NA,NA,1/17/18,33,N,,,
1 to 3,32,13,12/15/17,NA,NA,NA,NA,1/17/18,33,N,,,
1 to 3,31,1,12/10/17,F,NA,0.3638,NA,1/11/18,32,N,,,
1 to 3,31,2,12/10/17,F,NA,0.3943,NA,1/11/18,32,N,,,
1 to 3,31,7,12/10/17,F,NA,0.36,NA,1/11/18,32,N,,,
1 to 3,31,11,12/10/17,F,NA,0.4377,NA,1/11/18,32,N,,,
1 to 3,31,16,12/10/17,F,NA,0.4421,NA,1/11/18,32,N,,,
1 to 3,31,21,12/10/17,F,NA,0.3542,NA,1/11/18,32,N,,,
1 to 3,31,22,12/10/17,F,NA,0.4128,NA,1/11/18,32,N,,,
1 to 3,31,26,12/10/17,F,NA,0.3659,NA,1/11/18,32,N,,,
1 to 3,31,37,12/11/17,F,NA,0.3528,NA,1/12/18,32,N,,,
1 to 3,31,41,12/11/17,F,NA,0.3639,NA,1/12/18,32,N,,,
1 to 3,31,45,12/11/17,F,NA,0.4578,NA,1/12/18,32,N,,,
1 to 3,31,49,12/11/17,F,NA,0.3588,NA,1/12/18,32,N,,,
1 to 3,31,53,12/11/17,F,NA,0.4315,NA,1/12/18,32,N,,,
1 to 3,31,57,12/11/17,F,NA,0.3708,NA,1/12/18,32,N,,,
1 to 3,31,6,12/10/17,M,NA,0.326,NA,1/11/18,32,N,,,
1 to 3,31,12,12/10/17,M,NA,0.3822,NA,1/11/18,32,N,,,
1 to 3,31,17,12/10/17,M,NA,0.3599,NA,1/11/18,32,N,,,
1 to 3,31,27,12/10/17,M,NA,0.3618,NA,1/11/18,32,N,,,
1 to 3,31,31,12/10/17,M,NA,0.339,NA,1/11/18,32,N,,,
1 to 3,31,32,12/10/17,M,NA,0.383,NA,1/11/18,32,N,,,
1 to 3,31,33,12/11/17,M,NA,0.413,NA,1/12/18,32,N,,,
1 to 3,31,34,12/11/17,M,NA,0.4459,NA,1/12/18,32,N,,,
1 to 3,31,58,12/11/17,M,NA,0.3747,NA,1/12/18,32,N,,,
1 to 3,31,62,12/11/17,M,NA,0.3854,NA,1/12/18,32,N,,,
1 to 3,32,1,12/15/17,NA,NA,NA,NA,1/16/18,32,N,,,
1 to 3,32,3,12/15/17,NA,NA,NA,NA,1/16/18,32,N,,,
1 to 3,32,4,12/15/17,NA,NA,NA,NA,1/16/18,32,N,,,
1 to 3,32,15,12/15/17,NA,NA,NA,NA,1/16/18,32,N,,,
1 to 3,32,51,12/15/17,NA,NA,NA,NA,1/16/18,32,N,,,
1 to 3,32,55,12/15/17,NA,NA,NA,NA,1/16/18,32,N,,,
1 to 3,32,58,12/15/17,NA,NA,NA,NA,1/16/18,32,N,,,
1 to 3,32,60,12/15/17,NA,NA,NA,NA,1/16/18,32,N,,,
1 to 3,32,63,12/15/17,NA,NA,NA,NA,1/16/18,32,N,,,
1 to 3,32,9,12/15/17,NA,NA,NA,NA,1/15/18,31,N,,,
1 to 3,32,10,12/15/17,NA,NA,NA,NA,1/15/18,31,N,,,
1 to 3,32,39,12/15/17,NA,NA,NA,NA,1/15/18,31,N,,,
1 to 3,32,52,12/15/17,NA,NA,NA,NA,1/15/18,31,N,,,
1 to 3,32,61,12/15/17,NA,NA,NA,NA,1/15/18,31,N,,,
1 to 3,27,34,11/13/17,F,11/30/17,0.2726,17,12/13/17,30,N,,,
1 to 3,32,14,12/15/17,NA,NA,NA,NA,1/14/18,30,N,,,
1 to 3,32,19,12/15/17,NA,NA,NA,NA,1/14/18,30,N,,,
1 to 3,32,20,12/15/17,NA,NA,NA,NA,1/14/18,30,N,,,
1 to 3,32,22,12/15/17,NA,NA,NA,NA,1/14/18,30,N,,,
1 to 3,32,23,12/15/17,NA,NA,NA,NA,1/14/18,30,N,,,
1 to 3,32,24,12/15/17,NA,NA,NA,NA,1/14/18,30,N,,,
1 to 3,32,38,12/15/17,NA,NA,NA,NA,1/14/18,30,N,,,
1 to 3,32,43,12/15/17,NA,NA,NA,NA,1/14/18,30,N,,,
1 to 3,32,56,12/15/17,NA,NA,NA,NA,1/14/18,30,N,,,
1 to 3,32,62,12/15/17,NA,NA,NA,NA,1/14/18,30,N,,,
1 to 3,19,24,9/1/17,F,NA,0.3834,NA,9/30/17,29,N,,,
1 to 3,32,6,12/15/17,NA,NA,NA,NA,1/13/18,29,N,,,
1 to 3,32,16,12/15/17,NA,NA,NA,NA,1/13/18,29,N,,,
1 to 3,32,18,12/15/17,NA,NA,NA,NA,1/13/18,29,N,,,
1 to 3,32,21,12/15/17,NA,NA,NA,NA,1/13/18,29,N,,,
1 to 3,32,25,12/15/17,NA,NA,NA,NA,1/13/18,29,N,,,
1 to 3,32,26,12/15/17,NA,NA,NA,NA,1/13/18,29,N,,,
1 to 3,32,27,12/15/17,NA,NA,NA,NA,1/13/18,29,N,,,
1 to 3,32,29,12/15/17,NA,NA,NA,NA,1/13/18,29,N,,,
1 to 3,32,30,12/15/17,NA,NA,NA,NA,1/13/18,29,N,,,
1 to 3,32,41,12/15/17,NA,NA,NA,NA,1/13/18,29,N,,,
1 to 3,32,42,12/15/17,NA,NA,NA,NA,1/13/18,29,N,,,
1 to 3,32,46,12/15/17,NA,NA,NA,NA,1/13/18,29,N,,,
1 to 3,32,50,12/15/17,NA,NA,NA,NA,1/13/18,29,N,,,
1 to 3,32,53,12/15/17,NA,NA,NA,NA,1/13/18,29,N,,,
1 to 3,32,64,12/15/17,NA,NA,NA,NA,1/13/18,29,N,,,
1 to 3,27,53,11/13/17,F,12/1/17,0.3172,18,12/11/17,28,N,,,
1 to 3,32,7,12/15/17,NA,NA,NA,NA,1/12/18,28,N,,,
1 to 3,32,11,12/15/17,NA,NA,NA,NA,1/12/18,28,N,,,
1 to 3,32,28,12/15/17,NA,NA,NA,NA,1/12/18,28,N,,,
1 to 3,32,31,12/15/17,NA,NA,NA,NA,1/12/18,28,N,,,
1 to 3,32,32,12/15/17,NA,NA,NA,NA,1/12/18,28,N,,,
1 to 3,32,34,12/15/17,NA,NA,NA,NA,1/12/18,28,N,,,
1 to 3,32,36,12/15/17,NA,NA,NA,NA,1/12/18,28,N,,,
1 to 3,32,37,12/15/17,NA,NA,NA,NA,1/12/18,28,N,,,
1 to 3,32,40,12/15/17,NA,NA,NA,NA,1/12/18,28,N,,,
1 to 3,32,44,12/15/17,NA,NA,NA,NA,1/12/18,28,N,,,
1 to 3,32,54,12/15/17,NA,NA,NA,NA,1/12/18,28,N,,,
1 to 3,32,57,12/15/17,NA,NA,NA,NA,1/12/18,28,N,,,
1 to 3,12,58,8/8/17,M,8/21/17,0.3034,14,9/4/17,27,N,,,
1 to 3,19,41,9/1/17,F,NA,0.4193,NA,9/28/17,27,N,,,
1 to 3,19,60,9/1/17,NA,NA,NA,NA,9/28/17,27,N,,,
1 to 3,25,5,10/25/17,F,11/9/17,0.3391,16,11/21/17,27,N,,,
1 to 3,25,30,10/25/17,M,11/8/17,0.4145,15,11/21/17,27,N,,,
1 to 3,25,31,10/25/17,M,11/9/17,0.4085,16,11/21/17,27,N,,,
1 to 3,25,46,10/25/17,M,11/8/17,0.403,15,11/21/17,27,N,,,
1 to 3,19,14,9/1/17,NA,9/26/17,NA,NA,9/27/17,26,N,,,
1 to 3,25,14,10/25/17,F,11/8/17,0.3947,15,11/20/17,26,N,,,
1 to 3,25,28,10/25/17,F,11/8/17,0.3666,15,11/20/17,26,N,,,
1 to 3,25,36,10/25/17,F,11/8/17,0.3711,15,11/20/17,26,N,,,
1 to 3,25,27,10/25/17,M,11/8/17,0.339,15,11/20/17,26,N,,,
1 to 3,25,43,10/25/17,M,11/7/17,0.3342,14,11/20/17,26,N,,,
1 to 3,25,50,10/25/17,M,11/8/17,0.3614,15,11/20/17,26,N,,,
1 to 3,26,29,10/30/17,M,11/13/17,0.2908,15,11/25/17,26,N,,,
1 to 3,11,11,8/7/17,F,8/21/17,0.2681,15,9/1/17,25,N,,,
1 to 3,11,17,8/7/17,F,8/21/17,0.3508,15,9/1/17,25,N,,,
1 to 3,11,27,8/7/17,F,8/21/17,0.3318,15,9/1/17,25,N,,,
1 to 3,11,47,8/7/17,F,8/21/17,0.3166,15,9/1/17,25,N,,,
1 to 3,19,5,9/1/17,M,NA,0.4052,NA,9/26/17,25,N,,,
1 to 3,19,8,9/1/17,M,NA,0.4308,NA,9/26/17,25,N,,,
1 to 3,19,12,9/1/17,M,NA,0.4149,NA,9/26/17,25,N,,,
1 to 3,19,37,9/1/17,M,NA,0.3857,NA,9/26/17,25,N,,,
1 to 3,25,15,10/25/17,F,11/7/17,0.363,14,11/19/17,25,N,,,
1 to 3,25,18,10/25/17,F,11/8/17,0.3667,15,11/19/17,25,N,,,
1 to 3,25,19,10/25/17,F,11/8/17,0.3725,15,11/19/17,25,N,,,
1 to 3,25,23,10/25/17,F,11/8/17,0.378,15,11/19/17,25,N,,,
1 to 3,25,33,10/25/17,F,11/8/17,0.3975,15,11/19/17,25,N,,,
1 to 3,25,42,10/25/17,F,11/8/17,0.3133,15,11/19/17,25,N,,,
1 to 3,25,44,10/25/17,F,11/7/17,0.4,14,11/19/17,25,N,,,
1 to 3,25,45,10/25/17,F,11/8/17,0.3439,15,11/19/17,25,N,,,
1 to 3,25,49,10/25/17,F,11/7/17,0.3274,14,11/19/17,25,N,,,
1 to 3,25,64,10/25/17,F,11/9/17,0.3406,16,11/19/17,25,N,,,
1 to 3,25,29,10/25/17,M,11/6/17,0.363,13,11/19/17,25,N,,,
1 to 3,25,34,10/25/17,M,11/8/17,0.3076,15,11/19/17,25,N,,,
1 to 3,25,37,10/25/17,M,11/7/17,0.381,14,11/19/17,25,N,,,
1 to 3,25,38,10/25/17,M,11/8/17,0.3356,15,11/19/17,25,N,,,
1 to 3,25,40,10/25/17,M,11/8/17,0.3502,15,11/19/17,25,N,,,
1 to 3,25,41,10/25/17,M,11/8/17,0.3765,15,11/19/17,25,N,,,
1 to 3,25,47,10/25/17,M,11/8/17,0.3551,15,11/19/17,25,N,,,
1 to 3,25,51,10/25/17,M,11/8/17,0.3545,15,11/19/17,25,N,,,
1 to 3,25,52,10/25/17,M,11/6/17,0.3978,13,11/19/17,25,N,,,
1 to 3,25,53,10/25/17,M,11/6/17,0.351,13,11/19/17,25,N,,,
1 to 3,25,58,10/25/17,M,11/6/17,0.3684,13,11/19/17,25,N,,,
1 to 3,25,59,10/25/17,M,11/8/17,0.422,15,11/19/17,25,N,,,
1 to 3,26,31,10/30/17,F,11/12/17,0.3454,14,11/24/17,25,N,,,
1 to 3,26,45,10/30/17,F,11/12/17,0.3857,14,11/24/17,25,N,,,
1 to 3,26,15,10/30/17,M,11/13/17,0.4125,15,11/24/17,25,N,,,
1 to 3,26,30,10/30/17,M,11/13/17,0.3517,15,11/24/17,25,N,,,
1 to 3,26,37,10/30/17,M,11/13/17,0.3492,15,11/24/17,25,N,,,
1 to 3,26,38,10/30/17,M,11/12/17,0.3335,14,11/24/17,25,N,,,
1 to 3,26,46,10/30/17,M,11/13/17,0.4096,15,11/24/17,25,N,,,
1 to 3,26,52,10/30/17,M,11/12/17,0.3081,14,11/24/17,25,N,,,
1 to 3,27,7,11/13/17,M,11/24/17,0.3747,11,12/8/17,25,N,,,
1 to 3,27,10,11/13/17,M,11/25/17,0.4109,12,12/8/17,25,N,,,
1 to 3,27,13,11/13/17,M,11/24/17,0.4362,11,12/8/17,25,N,,,
1 to 3,27,47,11/13/17,M,11/25/17,0.429,12,12/8/17,25,N,,,
1 to 3,28,2,11/27/17,F,12/10/17,0.3505,13,12/22/17,25,N,,,
1 to 3,28,3,11/27/17,F,12/11/17,0.3453,14,12/22/17,25,N,,,
1 to 3,28,7,11/27/17,F,12/10/17,0.3344,13,12/22/17,25,N,,,
1 to 3,28,15,11/27/17,F,12/11/17,0.2951,14,12/22/17,25,N,,,
1 to 3,28,21,11/27/17,F,12/11/17,0.3337,14,12/22/17,25,N,,,
1 to 3,28,24,11/27/17,F,12/11/17,0.3562,14,12/22/17,25,N,,,
1 to 3,28,26,11/27/17,F,12/10/17,0.371,13,12/22/17,25,N,,,
1 to 3,28,30,11/27/17,F,12/11/17,0.3824,14,12/22/17,25,N,,,
1 to 3,28,31,11/27/17,F,12/11/17,0.3613,14,12/22/17,25,N,,,
1 to 3,28,34,11/27/17,F,12/12/17,0.3631,15,12/22/17,25,N,,,
1 to 3,28,43,11/27/17,F,12/10/17,0.3081,13,12/22/17,25,N,,,
1 to 3,28,44,11/27/17,F,12/11/17,0.3412,14,12/22/17,25,N,,,
1 to 3,28,48,11/27/17,F,12/11/17,0.3562,14,12/22/17,25,N,,,
1 to 3,28,51,11/27/17,F,12/10/17,0.3754,13,12/22/17,25,N,,,
1 to 3,28,64,11/27/17,F,12/10/17,0.3483,13,12/22/17,25,N,,,
1 to 3,28,68,11/27/17,F,12/10/17,0.3478,13,12/22/17,25,N,,,
1 to 3,28,70,11/27/17,F,12/10/17,0.3339,13,12/22/17,25,N,,,
1 to 3,28,72,11/27/17,F,12/11/17,0.3182,14,12/22/17,25,N,,,
1 to 3,28,25,11/27/17,M,12/9/17,0.3434,12,12/22/17,25,N,,,
1 to 3,28,35,11/27/17,M,12/10/17,0.3662,13,12/22/17,25,N,,,
1 to 3,28,52,11/27/17,M,12/11/17,0.3439,14,12/22/17,25,N,,,
1 to 3,28,55,11/27/17,M,12/10/17,0.3718,13,12/22/17,25,N,,,
1 to 3,28,59,11/27/17,M,12/9/17,0.3289,12,12/22/17,25,N,,,
1 to 3,28,62,11/27/17,M,12/10/17,0.3637,13,12/22/17,25,N,,,
1 to 3,12,21,8/14/17,F,8/27/17,0.3033,13,9/7/17,24,N,,,
1 to 3,12,23,8/14/17,F,8/27/17,0.3703,13,9/7/17,24,N,,,
1 to 3,12,43,8/14/17,F,8/27/17,0.3368,13,9/7/17,24,N,,,
1 to 3,12,2,8/14/17,M,8/26/17,0.3206,12,9/7/17,24,N,,,
1 to 3,12,4,8/14/17,M,8/26/17,0.3733,12,9/7/17,24,N,,,
1 to 3,12,6,8/14/17,M,8/26/17,0.377,12,9/7/17,24,N,,,
1 to 3,12,8,8/14/17,M,8/26/17,0.3661,12,9/7/17,24,N,,,
1 to 3,12,12,8/14/17,M,8/26/17,0.3767,12,9/7/17,24,N,,,
1 to 3,12,15,8/14/17,M,8/26/17,0.3796,12,9/7/17,24,N,,,
1 to 3,12,26,8/14/17,M,8/26/17,0.349,12,9/7/17,24,N,,,
1 to 3,12,29,8/14/17,M,8/27/17,0.3381,13,9/7/17,24,N,,,
1 to 3,12,34,8/14/17,M,8/26/17,0.3599,12,9/7/17,24,N,,,
1 to 3,12,35,8/14/17,M,8/26/17,0.3648,12,9/7/17,24,N,,,
1 to 3,12,38,8/14/17,M,8/26/17,0.3561,12,9/7/17,24,N,,,
1 to 3,12,54,8/14/17,M,8/26/17,0.3009,12,9/7/17,24,N,,,
1 to 3,12,57,8/14/17,M,8/26/17,0.3832,12,9/7/17,24,N,,,
1 to 3,12,64,8/14/17,M,8/26/17,0.3752,12,9/7/17,24,N,,,
1 to 3,15,4,8/14/17,M,8/27/17,0.3087,13,9/7/17,24,N,,,
1 to 3,15,9,8/14/17,M,8/26/17,0.3217,12,9/7/17,24,N,,,
1 to 3,15,10,8/14/17,M,8/27/17,0.3378,13,9/7/17,24,N,,,
1 to 3,15,11,8/14/17,M,8/27/17,0.3007,13,9/7/17,24,N,,,
1 to 3,15,22,8/14/17,M,8/26/17,0.3132,12,9/7/17,24,N,,,
1 to 3,15,34,8/14/17,M,8/26/17,0.3536,12,9/7/17,24,N,,,
1 to 3,15,38,8/14/17,M,8/26/17,0.3485,12,9/7/17,24,N,,,
1 to 3,15,15,8/14/17,NA,8/28/17,NA,14,9/7/17,24,N,,,
1 to 3,11,7,8/7/17,F,8/21/17,0.2943,15,8/31/17,24,N,,,
1 to 3,11,18,8/7/17,F,8/21/17,0.3217,15,8/31/17,24,N,,,
1 to 3,11,49,8/7/17,F,8/19/17,0.2821,13,8/31/17,24,N,,,
1 to 3,11,60,8/7/17,F,8/19/17,0.3659,13,8/31/17,24,N,,,
1 to 3,11,15,8/7/17,M,8/19/17,0.3708,13,8/31/17,24,N,,,
1 to 3,11,25,8/7/17,M,8/19/17,0.376,13,8/31/17,24,N,,,
1 to 3,11,29,8/7/17,M,8/19/17,0.3138,13,8/31/17,24,N,,,
1 to 3,12,2,8/8/17,M,8/21/17,0.4047,14,9/1/17,24,N,,,
1 to 3,19,11,9/1/17,F,NA,0.3912,NA,9/25/17,24,N,,,
1 to 3,19,15,9/1/17,F,NA,0.3877,NA,9/25/17,24,N,,,
1 to 3,19,26,9/1/17,F,NA,0.3753,NA,9/25/17,24,N,,,
1 to 3,19,29,9/1/17,F,NA,0.4072,NA,9/25/17,24,N,,,
1 to 3,19,34,9/1/17,F,NA,0.3932,NA,9/25/17,24,N,,,
1 to 3,19,40,9/1/17,F,NA,0.3975,NA,9/25/17,24,N,,,
1 to 3,19,42,9/1/17,F,NA,0.3854,NA,9/25/17,24,N,,,
1 to 3,19,50,9/1/17,F,NA,0.3534,NA,9/25/17,24,N,,,
1 to 3,19,63,9/1/17,F,NA,0.4021,NA,9/25/17,24,N,,,
1 to 3,19,2,9/1/17,M,NA,0.4399,NA,9/25/17,24,N,,,
1 to 3,19,3,9/1/17,M,NA,0.4157,NA,9/25/17,24,N,,,
1 to 3,19,4,9/1/17,M,NA,0.3523,NA,9/25/17,24,N,,,
1 to 3,19,7,9/1/17,M,NA,0.3429,NA,9/25/17,24,N,,,
1 to 3,19,9,9/1/17,M,NA,0.4329,NA,9/25/17,24,N,,,
1 to 3,19,18,9/1/17,M,NA,0.4546,NA,9/25/17,24,N,,,
1 to 3,19,20,9/1/17,M,NA,0.4327,NA,9/25/17,24,N,,,
1 to 3,19,22,9/1/17,M,NA,0.3762,NA,9/25/17,24,N,,,
1 to 3,19,27,9/1/17,M,NA,0.4121,NA,9/25/17,24,N,,,
1 to 3,19,28,9/1/17,M,NA,0.3502,NA,9/25/17,24,N,,,
1 to 3,19,30,9/1/17,M,NA,0.39,NA,9/25/17,24,N,,,
1 to 3,19,36,9/1/17,M,NA,0.4054,NA,9/25/17,24,N,,,
1 to 3,19,38,9/1/17,M,NA,0.4,NA,9/25/17,24,N,,,
1 to 3,19,44,9/1/17,M,NA,0.398,NA,9/25/17,24,N,,,
1 to 3,19,47,9/1/17,M,NA,0.4034,NA,9/25/17,24,N,,,
1 to 3,19,53,9/1/17,M,NA,0.3223,NA,9/25/17,24,N,,,
1 to 3,19,55,9/1/17,M,NA,0.3645,NA,9/25/17,24,N,,,
1 to 3,19,56,9/1/17,M,NA,0.4037,NA,9/25/17,24,N,,,
1 to 3,19,57,9/1/17,M,NA,0.3524,NA,9/25/17,24,N,,,
1 to 3,19,58,9/1/17,M,NA,0.4133,NA,9/25/17,24,N,,,
1 to 3,19,64,9/1/17,M,NA,0.3786,NA,9/25/17,24,N,,,
1 to 3,20,1,9/5/17,F,9/19/17,0.4117,14,9/29/17,24,N,,,
1 to 3,20,2,9/5/17,F,9/18/17,0.4348,13,9/29/17,24,N,,,
1 to 3,20,4,9/5/17,F,9/17/17,0.4482,12,9/29/17,24,N,,,
1 to 3,20,6,9/5/17,F,9/19/17,0.4429,14,9/29/17,24,N,,,
1 to 3,20,7,9/5/17,F,9/19/17,0.3571,14,9/29/17,24,N,,,
1 to 3,20,9,9/5/17,F,9/18/17,0.4258,13,9/29/17,24,N,,,
1 to 3,20,12,9/5/17,F,9/18/17,0.3719,13,9/29/17,24,N,,,
1 to 3,20,15,9/5/17,F,9/17/17,0.3593,12,9/29/17,24,N,,,
1 to 3,20,16,9/5/17,F,9/19/17,0.383,14,9/29/17,24,N,,,
1 to 3,20,21,9/5/17,F,9/19/17,0.4069,14,9/29/17,24,N,,,
1 to 3,20,22,9/5/17,F,9/17/17,0.3972,12,9/29/17,24,N,,,
1 to 3,20,24,9/5/17,F,9/17/17,0.3803,12,9/29/17,24,N,,,
1 to 3,20,25,9/5/17,F,9/17/17,0.369,12,9/29/17,24,N,,,
1 to 3,20,28,9/5/17,F,9/18/17,0.3832,13,9/29/17,24,N,,,
1 to 3,20,29,9/5/17,F,9/17/17,0.3102,12,9/29/17,24,N,,,
1 to 3,20,30,9/5/17,F,9/17/17,0.3956,12,9/29/17,24,N,,,
1 to 3,20,31,9/5/17,F,9/20/17,0.3543,15,9/29/17,24,N,,,
1 to 3,20,32,9/5/17,F,9/17/17,0.3754,12,9/29/17,24,N,,,
1 to 3,20,35,9/5/17,F,9/19/17,0.3986,14,9/29/17,24,N,,,
1 to 3,20,36,9/5/17,F,9/17/17,0.4125,12,9/29/17,24,N,,,
1 to 3,20,37,9/5/17,F,9/18/17,0.401,13,9/29/17,24,N,,,
1 to 3,20,38,9/5/17,F,9/19/17,0.3454,14,9/29/17,24,N,,,
1 to 3,20,42,9/5/17,F,9/18/17,0.4196,13,9/29/17,24,N,,,
1 to 3,20,43,9/5/17,F,9/19/17,0.4426,14,9/29/17,24,N,,,
1 to 3,20,45,9/5/17,F,9/17/17,0.3925,12,9/29/17,24,N,,,
1 to 3,20,48,9/5/17,F,9/17/17,0.4618,12,9/29/17,24,N,,,
1 to 3,20,52,9/5/17,F,9/17/17,0.4256,12,9/29/17,24,N,,,
1 to 3,20,54,9/5/17,F,9/18/17,0.3821,13,9/29/17,24,N,,,
1 to 3,20,57,9/5/17,F,9/19/17,0.351,14,9/29/17,24,N,,,
1 to 3,20,58,9/5/17,F,9/19/17,0.3907,14,9/29/17,24,N,,,
1 to 3,20,59,9/5/17,F,9/17/17,0.3173,12,9/29/17,24,N,,,
1 to 3,20,60,9/5/17,F,9/18/17,0.4177,13,9/29/17,24,N,,,
1 to 3,20,61,9/5/17,F,9/17/17,0.3911,12,9/29/17,24,N,,,
1 to 3,20,62,9/5/17,F,9/17/17,0.3655,12,9/29/17,24,N,,,
1 to 3,20,63,9/5/17,F,9/20/17,0.4136,15,9/29/17,24,N,,,
1 to 3,20,64,9/5/17,F,9/17/17,0.3715,12,9/29/17,24,N,,,
1 to 3,20,66,9/5/17,F,9/17/17,0.422,12,9/29/17,24,N,,,
1 to 3,20,70,9/5/17,F,9/17/17,0.3641,12,9/29/17,24,N,,,
1 to 3,20,72,9/5/17,F,9/17/17,0.3554,12,9/29/17,24,N,,,
1 to 3,20,74,9/5/17,F,9/20/17,0.3421,15,9/29/17,24,N,,,
1 to 3,20,76,9/5/17,F,9/17/17,0.3555,12,9/29/17,24,N,,,
1 to 3,20,3,9/5/17,M,9/17/17,0.311,12,9/29/17,24,N,,,
1 to 3,20,5,9/5/17,M,9/17/17,0.3643,12,9/29/17,24,N,,,
1 to 3,20,8,9/5/17,M,9/19/17,0.3971,14,9/29/17,24,N,,,
1 to 3,20,10,9/5/17,M,9/18/17,0.4291,13,9/29/17,24,N,,,
1 to 3,20,11,9/5/17,M,9/17/17,0.3065,12,9/29/17,24,N,,,
1 to 3,20,13,9/5/17,M,9/17/17,0.4,12,9/29/17,24,N,,,
1 to 3,20,14,9/5/17,M,9/17/17,0.3661,12,9/29/17,24,N,,,
1 to 3,20,17,9/5/17,M,9/17/17,0.4156,12,9/29/17,24,N,,,
1 to 3,20,18,9/5/17,M,9/17/17,0.4132,12,9/29/17,24,N,,,
1 to 3,20,19,9/5/17,M,9/17/17,0.3605,12,9/29/17,24,N,,,
1 to 3,20,20,9/5/17,M,9/17/17,0.3876,12,9/29/17,24,N,,,
1 to 3,20,23,9/5/17,M,9/18/17,0.4004,13,9/29/17,24,N,,,
1 to 3,20,27,9/5/17,M,9/17/17,0.3617,12,9/29/17,24,N,,,
1 to 3,20,34,9/5/17,M,9/17/17,0.3903,12,9/29/17,24,N,,,
1 to 3,20,39,9/5/17,M,9/17/17,0.3586,12,9/29/17,24,N,,,
1 to 3,20,40,9/5/17,M,9/17/17,0.3965,12,9/29/17,24,N,,,
1 to 3,20,41,9/5/17,M,9/17/17,0.3937,12,9/29/17,24,N,,,
1 to 3,20,44,9/5/17,M,9/18/17,0.4396,13,9/29/17,24,N,,,
1 to 3,20,46,9/5/17,M,9/17/17,0.3941,12,9/29/17,24,N,,,
1 to 3,20,49,9/5/17,M,9/19/17,0.3812,14,9/29/17,24,N,,,
1 to 3,20,50,9/5/17,M,9/17/17,0.4309,12,9/29/17,24,N,,,
1 to 3,20,51,9/5/17,M,9/17/17,0.3815,12,9/29/17,24,N,,,
1 to 3,20,53,9/5/17,M,9/17/17,0.3601,12,9/29/17,24,N,,,
1 to 3,20,55,9/5/17,M,9/17/17,0.4072,12,9/29/17,24,N,,,
1 to 3,20,56,9/5/17,M,9/17/17,0.3869,12,9/29/17,24,N,,,
1 to 3,20,65,9/5/17,M,9/19/17,0.3436,14,9/29/17,24,N,,,
1 to 3,20,67,9/5/17,M,9/17/17,0.4181,12,9/29/17,24,N,,,
1 to 3,20,68,9/5/17,M,9/20/17,0.3173,15,9/29/17,24,N,,,
1 to 3,20,69,9/5/17,M,9/17/17,0.367,12,9/29/17,24,N,,,
1 to 3,20,71,9/5/17,M,9/17/17,0.4232,12,9/29/17,24,N,,,
1 to 3,23,15,10/3/17,F,NA,0.3027,NA,10/27/17,24,N,,,
1 to 3,23,30,10/3/17,F,NA,0.3282,NA,10/27/17,24,N,,,
1 to 3,25,6,10/25/17,F,11/6/17,0.3496,13,11/18/17,24,N,,,
1 to 3,25,16,10/25/17,F,11/8/17,0.3501,15,11/18/17,24,N,,,
1 to 3,25,24,10/25/17,F,11/7/17,0.3524,14,11/18/17,24,N,,,
1 to 3,25,32,10/25/17,F,11/6/17,0.3863,13,11/18/17,24,N,,,
1 to 3,25,39,10/25/17,F,11/8/17,0.3369,15,11/18/17,24,N,,,
1 to 3,25,54,10/25/17,F,11/6/17,0.4082,13,11/18/17,24,N,,,
1 to 3,25,62,10/25/17,F,11/6/17,0.3248,13,11/18/17,24,N,,,
1 to 3,25,56,10/25/17,M,11/6/17,0.3465,13,11/18/17,24,N,,,
1 to 3,26,19,10/30/17,M,11/11/17,0.3779,13,11/23/17,24,N,,,
1 to 3,26,25,10/30/17,M,11/12/17,0.4445,14,11/23/17,24,N,,,
1 to 3,26,32,10/30/17,M,11/12/17,0.4289,14,11/23/17,24,N,,,
1 to 3,26,35,10/30/17,M,11/12/17,0.3248,14,11/23/17,24,N,,,
1 to 3,26,44,10/30/17,M,11/12/17,0.3735,14,11/23/17,24,N,,,
1 to 3,26,48,10/30/17,M,11/12/17,0.3275,14,11/23/17,24,N,,,
1 to 3,26,50,10/30/17,M,11/12/17,0.3533,14,11/23/17,24,N,,,
1 to 3,26,56,10/30/17,M,11/12/17,0.3359,14,11/23/17,24,N,,,
1 to 3,27,12,11/13/17,F,11/25/17,0.3844,12,12/7/17,24,N,,,
1 to 3,27,16,11/13/17,F,11/24/17,0.4112,11,12/7/17,24,N,,,
1 to 3,27,41,11/13/17,F,11/25/17,0.3399,12,12/7/17,24,N,,,
1 to 3,27,42,11/13/17,F,11/24/17,0.3944,11,12/7/17,24,N,,,
1 to 3,27,3,11/13/17,M,11/25/17,0.3953,12,12/7/17,24,N,,,
1 to 3,27,8,11/13/17,M,11/25/17,0.3672,12,12/7/17,24,N,,,
1 to 3,27,9,11/13/17,M,11/25/17,0.3864,12,12/7/17,24,N,,,
1 to 3,27,14,11/13/17,M,11/24/17,0.4227,11,12/7/17,24,N,,,
1 to 3,27,20,11/13/17,M,11/25/17,0.4211,12,12/7/17,24,N,,,
1 to 3,27,28,11/13/17,M,11/25/17,0.4001,12,12/7/17,24,N,,,
1 to 3,27,30,11/13/17,M,11/26/17,0.3986,13,12/7/17,24,N,,,
1 to 3,27,31,11/13/17,M,11/24/17,0.4088,11,12/7/17,24,N,,,
1 to 3,27,32,11/13/17,M,11/24/17,0.4103,11,12/7/17,24,N,,,
1 to 3,27,33,11/13/17,M,11/25/17,0.4187,12,12/7/17,24,N,,,
1 to 3,27,36,11/13/17,M,11/24/17,0.4259,11,12/7/17,24,N,,,
1 to 3,27,39,11/13/17,M,11/24/17,0.4164,11,12/7/17,24,N,,,
1 to 3,27,40,11/13/17,M,11/24/17,0.3786,11,12/7/17,24,N,,,
1 to 3,27,43,11/13/17,M,11/24/17,0.347,11,12/7/17,24,N,,,
1 to 3,27,44,11/13/17,M,11/25/17,0.4021,12,12/7/17,24,N,,,
1 to 3,27,46,11/13/17,M,11/26/17,0.3708,13,12/7/17,24,N,,,
1 to 3,27,48,11/13/17,M,11/24/17,0.3581,11,12/7/17,24,N,,,
1 to 3,27,51,11/13/17,M,11/25/17,0.3628,12,12/7/17,24,N,,,
1 to 3,27,52,11/13/17,M,11/25/17,0.4489,12,12/7/17,24,N,,,
1 to 3,27,56,11/13/17,M,11/24/17,0.3785,11,12/7/17,24,N,,,
1 to 3,27,57,11/13/17,M,11/25/17,0.3803,12,12/7/17,24,N,,,
1 to 3,27,61,11/13/17,M,11/25/17,0.3765,12,12/7/17,24,N,,,
1 to 3,27,63,11/13/17,M,11/25/17,0.4064,12,12/7/17,24,N,,,
1 to 3,27,64,11/13/17,M,11/26/17,0.3899,13,12/7/17,24,N,,,
1 to 3,28,10,11/27/17,F,12/9/17,0.3387,12,12/21/17,24,N,,,
1 to 3,28,27,11/27/17,F,12/9/17,0.3351,12,12/21/17,24,N,,,
1 to 3,28,32,11/27/17,F,12/10/17,0.3059,13,12/21/17,24,N,,,
1 to 3,28,33,11/27/17,F,12/10/17,0.335,13,12/21/17,24,N,,,
1 to 3,28,38,11/27/17,F,12/9/17,0.3536,12,12/21/17,24,N,,,
1 to 3,28,53,11/27/17,F,12/10/17,0.3062,13,12/21/17,24,N,,,
1 to 3,12,1,8/14/17,F,8/26/17,0.354,12,9/6/17,23,N,,,
1 to 3,12,10,8/14/17,F,8/26/17,0.3829,12,9/6/17,23,N,,,
1 to 3,12,13,8/14/17,F,8/26/17,0.3746,12,9/6/17,23,N,,,
1 to 3,12,14,8/14/17,F,8/26/17,0.394,12,9/6/17,23,N,,,
1 to 3,12,25,8/14/17,F,8/27/17,0.3785,13,9/6/17,23,N,,,
1 to 3,12,33,8/14/17,F,8/26/17,0.3946,12,9/6/17,23,N,,,
1 to 3,12,36,8/14/17,F,8/26/17,0.3372,12,9/6/17,23,N,,,
1 to 3,12,37,8/14/17,F,8/26/17,0.306,12,9/6/17,23,N,,,
1 to 3,12,40,8/14/17,F,8/26/17,0.3268,12,9/6/17,23,N,,,
1 to 3,12,41,8/14/17,F,8/26/17,0.3699,12,9/6/17,23,N,,,
1 to 3,12,42,8/14/17,F,8/26/17,0.3168,12,9/6/17,23,N,,,
1 to 3,12,44,8/14/17,F,8/26/17,0.3566,12,9/6/17,23,N,,,
1 to 3,12,45,8/14/17,F,8/26/17,0.35,12,9/6/17,23,N,,,
1 to 3,12,46,8/14/17,F,8/26/17,0.351,12,9/6/17,23,N,,,
1 to 3,12,47,8/14/17,F,8/26/17,0.349,12,9/6/17,23,N,,,
1 to 3,12,48,8/14/17,F,8/26/17,0.3513,12,9/6/17,23,N,,,
1 to 3,12,50,8/14/17,F,8/26/17,0.3316,12,9/6/17,23,N,,,
1 to 3,12,52,8/14/17,F,8/26/17,0.3193,12,9/6/17,23,N,,,
1 to 3,12,53,8/14/17,F,8/26/17,0.3244,12,9/6/17,23,N,,,
1 to 3,12,58,8/14/17,F,8/26/17,0.386,12,9/6/17,23,N,,,
1 to 3,12,61,8/14/17,F,8/26/17,0.3517,12,9/6/17,23,N,,,
1 to 3,12,18,8/14/17,M,8/26/17,0.3508,12,9/6/17,23,N,,,
1 to 3,12,22,8/14/17,M,8/26/17,0.3537,12,9/6/17,23,N,,,
1 to 3,12,27,8/14/17,M,8/26/17,0.3397,12,9/6/17,23,N,,,
1 to 3,12,30,8/14/17,M,8/26/17,0.3494,12,9/6/17,23,N,,,
1 to 3,12,51,8/14/17,M,8/26/17,0.2747,12,9/6/17,23,N,,,
1 to 3,12,55,8/14/17,M,8/25/17,0.306,11,9/6/17,23,N,,,
1 to 3,15,6,8/14/17,F,8/27/17,0.3515,13,9/6/17,23,N,,,
1 to 3,15,12,8/14/17,F,8/27/17,0.2636,13,9/6/17,23,N,,,
1 to 3,15,32,8/14/17,F,8/27/17,0.3683,13,9/6/17,23,N,,,
1 to 3,15,33,8/14/17,F,8/26/17,0.4034,12,9/6/17,23,N,,,
1 to 3,15,35,8/14/17,F,8/26/17,0.3519,12,9/6/17,23,N,,,
1 to 3,15,43,8/14/17,F,8/26/17,0.3092,12,9/6/17,23,N,,,
1 to 3,15,45,8/14/17,F,8/26/17,0.3712,12,9/6/17,23,N,,,
1 to 3,15,47,8/14/17,F,8/26/17,0.4023,12,9/6/17,23,N,,,
1 to 3,15,49,8/14/17,F,8/26/17,0.3681,12,9/6/17,23,N,,,
1 to 3,15,3,8/14/17,M,8/26/17,0.3385,12,9/6/17,23,N,,,
1 to 3,15,5,8/14/17,M,8/26/17,0.3443,12,9/6/17,23,N,,,
1 to 3,15,8,8/14/17,M,8/26/17,0.3726,12,9/6/17,23,N,,,
1 to 3,15,23,8/14/17,M,8/26/17,0.3046,12,9/6/17,23,N,,,
1 to 3,15,28,8/14/17,M,8/26/17,0.3442,12,9/6/17,23,N,,,
1 to 3,15,36,8/14/17,M,8/25/17,0.3538,11,9/6/17,23,N,,,
1 to 3,15,39,8/14/17,M,8/26/17,0.3442,12,9/6/17,23,N,,,
1 to 3,15,40,8/14/17,M,8/25/17,0.3091,11,9/6/17,23,N,,,
1 to 3,15,44,8/14/17,M,8/25/17,0.3358,11,9/6/17,23,N,,,
1 to 3,15,48,8/14/17,M,8/25/17,0.3109,11,9/6/17,23,N,,,
1 to 3,15,53,8/14/17,M,8/25/17,0.3597,11,9/6/17,23,N,,,
1 to 3,15,58,8/14/17,M,8/25/17,0.3411,11,9/6/17,23,N,,,
1 to 3,15,62,8/14/17,M,8/25/17,0.361,11,9/6/17,23,N,,,
1 to 3,15,63,8/14/17,M,8/25/17,0.3423,11,9/6/17,23,N,,,
1 to 3,11,23,8/7/17,F,8/21/17,0.3849,15,8/30/17,23,N,,,
1 to 3,11,24,8/7/17,F,8/20/17,0.3354,14,8/30/17,23,N,,,
1 to 3,11,41,8/7/17,F,8/19/17,0.2859,13,8/30/17,23,N,,,
1 to 3,11,52,8/7/17,F,8/19/17,0.3468,13,8/30/17,23,N,,,
1 to 3,11,20,8/7/17,M,8/19/17,0.3079,13,8/30/17,23,N,,,
1 to 3,11,26,8/7/17,M,8/19/17,0.4037,13,8/30/17,23,N,,,
1 to 3,11,38,8/7/17,M,8/19/17,0.3258,13,8/30/17,23,N,,,
1 to 3,11,40,8/7/17,M,8/19/17,0.3119,13,8/30/17,23,N,,,
1 to 3,11,51,8/7/17,M,8/19/17,0.3259,13,8/30/17,23,N,,,
1 to 3,11,55,8/7/17,M,8/19/17,0.3352,13,8/30/17,23,N,,,
1 to 3,11,56,8/7/17,M,8/19/17,0.3412,13,8/30/17,23,N,,,
1 to 3,12,6,8/8/17,F,8/20/17,0.3609,13,8/31/17,23,N,,,
1 to 3,12,12,8/8/17,F,8/20/17,0.4299,13,8/31/17,23,N,,,
1 to 3,12,26,8/8/17,F,8/21/17,0.3453,14,8/31/17,23,N,,,
1 to 3,12,36,8/8/17,F,8/20/17,0.3931,13,8/31/17,23,N,,,
1 to 3,12,50,8/8/17,F,8/21/17,0.36,14,8/31/17,23,N,,,
1 to 3,12,54,8/8/17,F,8/21/17,0.3362,14,8/31/17,23,N,,,
1 to 3,12,4,8/8/17,M,8/20/17,0.3291,13,8/31/17,23,N,,,
1 to 3,12,5,8/8/17,M,8/21/17,0.3378,14,8/31/17,23,N,,,
1 to 3,12,13,8/8/17,M,8/20/17,0.3488,13,8/31/17,23,N,,,
1 to 3,12,22,8/8/17,M,8/19/17,0.3955,12,8/31/17,23,N,,,
1 to 3,12,27,8/8/17,M,8/21/17,0.3206,14,8/31/17,23,N,,,
1 to 3,12,40,8/8/17,M,8/20/17,0.3534,13,8/31/17,23,N,,,
1 to 3,12,43,8/8/17,M,8/19/17,0.3236,12,8/31/17,23,N,,,
1 to 3,12,44,8/8/17,M,8/21/17,0.3079,14,8/31/17,23,N,,,
1 to 3,12,46,8/8/17,M,8/19/17,0.3425,12,8/31/17,23,N,,,
1 to 3,12,48,8/8/17,M,8/19/17,0.3665,12,8/31/17,23,N,,,
1 to 3,12,62,8/8/17,M,8/21/17,0.3437,14,8/31/17,23,N,,,
1 to 3,19,1,9/1/17,F,NA,0.4294,NA,9/24/17,23,N,,,
1 to 3,19,10,9/1/17,F,NA,0.3931,NA,9/24/17,23,N,,,
1 to 3,19,16,9/1/17,F,NA,0.4233,NA,9/24/17,23,N,,,
1 to 3,19,21,9/1/17,F,NA,0.3757,NA,9/24/17,23,N,,,
1 to 3,19,31,9/1/17,F,NA,0.4153,NA,9/24/17,23,N,,,
1 to 3,19,33,9/1/17,F,NA,0.356,NA,9/24/17,23,N,,,
1 to 3,19,39,9/1/17,F,NA,0.4058,NA,9/24/17,23,N,,,
1 to 3,19,45,9/1/17,F,NA,0.4122,NA,9/24/17,23,N,,,
1 to 3,19,59,9/1/17,F,NA,0.3959,NA,9/24/17,23,N,,,
1 to 3,19,61,9/1/17,F,NA,0.4219,NA,9/24/17,23,N,,,
1 to 3,19,62,9/1/17,F,NA,0.4007,NA,9/24/17,23,N,,,
1 to 3,19,6,9/1/17,M,NA,0.4099,NA,9/24/17,23,N,,,
1 to 3,19,17,9/1/17,M,NA,0.3227,NA,9/24/17,23,N,,,
1 to 3,23,5,10/3/17,F,NA,0.3516,NA,10/26/17,23,N,,,
1 to 3,23,6,10/3/17,F,NA,0.2783,NA,10/26/17,23,N,,,
1 to 3,23,12,10/3/17,F,NA,0.4184,NA,10/26/17,23,N,,,
1 to 3,23,14,10/3/17,F,NA,0.4217,NA,10/26/17,23,N,,,
1 to 3,23,28,10/3/17,F,NA,0.4409,NA,10/26/17,23,N,,,
1 to 3,23,13,10/3/17,M,NA,0.3591,NA,10/26/17,23,N,,,
1 to 3,23,16,10/3/17,M,NA,0.3099,NA,10/26/17,23,N,,,
1 to 3,23,17,10/3/17,M,NA,0.3541,NA,10/26/17,23,N,,,
1 to 3,23,24,10/3/17,M,NA,0.3341,NA,10/26/17,23,N,,,
1 to 3,23,27,10/3/17,M,NA,0.3758,NA,10/26/17,23,N,,,
1 to 3,23,29,10/3/17,M,NA,0.3705,NA,10/26/17,23,N,,,
1 to 3,23,31,10/3/17,M,NA,0.4063,NA,10/26/17,23,N,,,
1 to 3,25,3,10/25/17,F,11/7/17,0.353,14,11/17/17,23,N,,,
1 to 3,25,4,10/25/17,F,11/8/17,0.391,15,11/17/17,23,N,,,
1 to 3,25,7,10/25/17,F,11/8/17,0.3821,15,11/17/17,23,N,,,
1 to 3,25,9,10/25/17,F,11/7/17,0.3813,14,11/17/17,23,N,,,
1 to 3,25,10,10/25/17,F,11/8/17,0.3721,15,11/17/17,23,N,,,
1 to 3,25,12,10/25/17,F,11/8/17,0.3505,15,11/17/17,23,N,,,
1 to 3,25,48,10/25/17,F,11/8/17,0.3491,15,11/17/17,23,N,,,
1 to 3,25,63,10/25/17,F,11/6/17,0.3483,13,11/17/17,23,N,,,
1 to 3,25,2,10/25/17,M,11/8/17,0.3259,15,11/17/17,23,N,,,
1 to 3,25,11,10/25/17,M,11/8/17,0.3874,15,11/17/17,23,N,,,
1 to 3,25,13,10/25/17,M,11/9/17,0.3954,16,11/17/17,23,N,,,
1 to 3,25,17,10/25/17,M,11/8/17,0.3839,15,11/17/17,23,N,,,
1 to 3,25,20,10/25/17,M,11/8/17,0.3341,15,11/17/17,23,N,,,
1 to 3,25,22,10/25/17,M,11/9/17,0.369,16,11/17/17,23,N,,,
1 to 3,25,25,10/25/17,M,11/8/17,0.351,15,11/17/17,23,N,,,
1 to 3,25,26,10/25/17,M,11/8/17,0.331,15,11/17/17,23,N,,,
1 to 3,26,2,10/30/17,F,11/12/17,0.4213,14,11/22/17,23,N,,,
1 to 3,26,4,10/30/17,F,11/12/17,0.4161,14,11/22/17,23,N,,,
1 to 3,26,7,10/30/17,F,11/12/17,0.371,14,11/22/17,23,N,,,
1 to 3,26,9,10/30/17,F,11/13/17,0.4888,15,11/22/17,23,N,,,
1 to 3,26,11,10/30/17,F,11/12/17,0.3741,14,11/22/17,23,N,,,
1 to 3,26,14,10/30/17,F,11/12/17,0.3511,14,11/22/17,23,N,,,
1 to 3,26,16,10/30/17,F,11/12/17,0.3933,14,11/22/17,23,N,,,
1 to 3,26,17,10/30/17,F,11/11/17,0.3728,13,11/22/17,23,N,,,
1 to 3,26,18,10/30/17,F,11/12/17,0.4367,14,11/22/17,23,N,,,
1 to 3,26,21,10/30/17,F,11/12/17,0.4367,14,11/22/17,23,N,,,
1 to 3,26,22,10/30/17,F,11/12/17,0.4142,14,11/22/17,23,N,,,
1 to 3,26,33,10/30/17,F,11/13/17,0.3356,15,11/22/17,23,N,,,
1 to 3,26,39,10/30/17,F,11/12/17,0.397,14,11/22/17,23,N,,,
1 to 3,26,41,10/30/17,F,11/13/17,0.3406,15,11/22/17,23,N,,,
1 to 3,26,51,10/30/17,F,11/13/17,0.3268,15,11/22/17,23,N,,,
1 to 3,26,53,10/30/17,F,11/12/17,0.4195,14,11/22/17,23,N,,,
1 to 3,26,1,10/30/17,M,11/12/17,0.3394,14,11/22/17,23,N,,,
1 to 3,26,10,10/30/17,M,11/12/17,0.381,14,11/22/17,23,N,,,
1 to 3,26,12,10/30/17,M,11/13/17,0.3886,15,11/22/17,23,N,,,
1 to 3,26,23,10/30/17,M,11/12/17,0.3262,14,11/22/17,23,N,,,
1 to 3,26,24,10/30/17,M,11/13/17,0.4428,15,11/22/17,23,N,,,
1 to 3,26,28,10/30/17,M,11/12/17,0.424,14,11/22/17,23,N,,,
1 to 3,26,40,10/30/17,M,11/12/17,0.3453,14,11/22/17,23,N,,,
1 to 3,26,47,10/30/17,M,11/12/17,0.3551,14,11/22/17,23,N,,,
1 to 3,26,55,10/30/17,M,11/11/17,0.3715,13,11/22/17,23,N,,,
1 to 3,26,58,10/30/17,M,11/12/17,0.3716,14,11/22/17,23,N,,,
1 to 3,26,61,10/30/17,M,11/11/17,0.3423,13,11/22/17,23,N,,,
1 to 3,26,62,10/30/17,M,11/11/17,0.3624,13,11/22/17,23,N,,,
1 to 3,26,63,10/30/17,M,11/13/17,0.358,15,11/22/17,23,N,,,
1 to 3,26,64,10/30/17,M,11/12/17,0.3987,14,11/22/17,23,N,,,
1 to 3,27,1,11/13/17,F,11/24/17,0.4002,11,12/6/17,23,N,,,
1 to 3,27,2,11/13/17,F,11/24/17,0.4151,11,12/6/17,23,N,,,
1 to 3,27,5,11/13/17,F,11/24/17,0.4319,11,12/6/17,23,N,,,
1 to 3,27,11,11/13/17,F,11/25/17,0.386,12,12/6/17,23,N,,,
1 to 3,27,17,11/13/17,F,11/26/17,0.4071,13,12/6/17,23,N,,,
1 to 3,27,18,11/13/17,F,11/25/17,0.4122,12,12/6/17,23,N,,,
1 to 3,27,22,11/13/17,F,11/25/17,0.3777,12,12/6/17,23,N,,,
1 to 3,27,23,11/13/17,F,11/25/17,0.4222,12,12/6/17,23,N,,,
1 to 3,27,25,11/13/17,F,11/24/17,0.4137,11,12/6/17,23,N,,,
1 to 3,27,29,11/13/17,F,11/25/17,0.4146,12,12/6/17,23,N,,,
1 to 3,27,35,11/13/17,F,11/24/17,0.3741,11,12/6/17,23,N,,,
1 to 3,27,37,11/13/17,F,11/25/17,0.3514,12,12/6/17,23,N,,,
1 to 3,27,38,11/13/17,F,11/25/17,0.3719,12,12/6/17,23,N,,,
1 to 3,27,49,11/13/17,F,11/25/17,0.3764,12,12/6/17,23,N,,,
1 to 3,27,50,11/13/17,F,11/25/17,0.423,12,12/6/17,23,N,,,
1 to 3,27,15,11/13/17,M,11/25/17,0.3944,12,12/6/17,23,N,,,
1 to 3,27,27,11/13/17,M,11/25/17,0.3788,12,12/6/17,23,N,,,
1 to 3,27,55,11/13/17,M,11/28/17,0.39,15,12/6/17,23,N,,,
1 to 3,27,62,11/13/17,M,11/25/17,0.3465,12,12/6/17,23,N,,,
1 to 3,12,3,8/14/17,F,8/26/17,0.3466,12,9/5/17,22,N,,,
1 to 3,12,5,8/14/17,F,8/25/17,0.3114,11,9/5/17,22,N,,,
1 to 3,12,7,8/14/17,F,8/26/17,0.3507,12,9/5/17,22,N,,,
1 to 3,12,9,8/14/17,F,8/26/17,0.3397,12,9/5/17,22,N,,,
1 to 3,12,11,8/14/17,F,8/26/17,0.3821,12,9/5/17,22,N,,,
1 to 3,12,16,8/14/17,F,8/26/17,0.3693,12,9/5/17,22,N,,,
1 to 3,12,17,8/14/17,F,8/25/17,0.3279,11,9/5/17,22,N,,,
1 to 3,12,20,8/14/17,F,8/26/17,0.3515,12,9/5/17,22,N,,,
1 to 3,12,24,8/14/17,F,8/26/17,0.3398,12,9/5/17,22,N,,,
1 to 3,12,49,8/14/17,F,8/26/17,0.3209,12,9/5/17,22,N,,,
1 to 3,12,59,8/14/17,F,8/25/17,0.3328,11,9/5/17,22,N,,,
1 to 3,12,31,8/14/17,M,8/25/17,0.3233,11,9/5/17,22,N,,,
1 to 3,12,32,8/14/17,M,8/25/17,0.3397,11,9/5/17,22,N,,,
1 to 3,12,60,8/14/17,M,8/25/17,0.3331,11,9/5/17,22,N,,,
1 to 3,15,7,8/14/17,F,8/25/17,0.2792,11,9/5/17,22,N,,,
1 to 3,15,13,8/14/17,F,8/26/17,0.3348,12,9/5/17,22,N,,,
1 to 3,15,16,8/14/17,F,8/26/17,0.3307,12,9/5/17,22,N,,,
1 to 3,15,21,8/14/17,F,8/25/17,0.2981,11,9/5/17,22,N,,,
1 to 3,15,24,8/14/17,F,8/26/17,0.3445,12,9/5/17,22,N,,,
1 to 3,15,29,8/14/17,F,8/26/17,0.3447,12,9/5/17,22,N,,,
1 to 3,15,30,8/14/17,F,8/26/17,0.3127,12,9/5/17,22,N,,,
1 to 3,15,31,8/14/17,F,8/26/17,0.3186,12,9/5/17,22,N,,,
1 to 3,15,37,8/14/17,F,8/25/17,0.2901,11,9/5/17,22,N,,,
1 to 3,15,41,8/14/17,F,8/25/17,0.3196,11,9/5/17,22,N,,,
1 to 3,15,42,8/14/17,F,8/26/17,0.3814,12,9/5/17,22,N,,,
1 to 3,15,46,8/14/17,F,8/25/17,0.3281,11,9/5/17,22,N,,,
1 to 3,15,51,8/14/17,F,8/25/17,0.3864,11,9/5/17,22,N,,,
1 to 3,15,52,8/14/17,F,8/25/17,0.3303,11,9/5/17,22,N,,,
1 to 3,15,54,8/14/17,F,8/26/17,0.3693,12,9/5/17,22,N,,,
1 to 3,15,55,8/14/17,F,8/26/17,0.3627,12,9/5/17,22,N,,,
1 to 3,15,56,8/14/17,F,8/25/17,0.3015,11,9/5/17,22,N,,,
1 to 3,15,59,8/14/17,F,8/26/17,0.3832,12,9/5/17,22,N,,,
1 to 3,15,61,8/14/17,F,8/26/17,0.3802,12,9/5/17,22,N,,,
1 to 3,15,57,8/14/17,M,8/25/17,0.272,11,9/5/17,22,N,,,
1 to 3,15,60,8/14/17,M,8/25/17,0.3288,11,9/5/17,22,N,,,
1 to 3,15,64,8/14/17,M,8/25/17,0.3118,11,9/5/17,22,N,,,
1 to 3,11,2,8/7/17,F,8/19/17,0.3932,13,8/29/17,22,N,,,
1 to 3,11,6,8/7/17,F,8/19/17,0.3293,13,8/29/17,22,N,,,
1 to 3,11,14,8/7/17,F,8/19/17,0.3475,13,8/29/17,22,N,,,
1 to 3,11,16,8/7/17,F,8/19/17,0.3447,13,8/29/17,22,N,,,
1 to 3,11,31,8/7/17,F,8/19/17,0.3491,13,8/29/17,22,N,,,
1 to 3,11,1,8/7/17,M,8/19/17,0.331,13,8/29/17,22,N,,,
1 to 3,11,5,8/7/17,M,8/19/17,0.3235,13,8/29/17,22,N,,,
1 to 3,11,8,8/7/17,M,8/19/17,0.3803,13,8/29/17,22,N,,,
1 to 3,11,9,8/7/17,M,8/19/17,0.3573,13,8/29/17,22,N,,,
1 to 3,11,12,8/7/17,M,8/19/17,0.3582,13,8/29/17,22,N,,,
1 to 3,11,19,8/7/17,M,8/21/17,0.3149,15,8/29/17,22,N,,,
1 to 3,11,22,8/7/17,M,8/19/17,0.345,13,8/29/17,22,N,,,
1 to 3,11,34,8/7/17,M,8/19/17,0.3836,13,8/29/17,22,N,,,
1 to 3,11,39,8/7/17,M,8/19/17,0.3738,13,8/29/17,22,N,,,
1 to 3,11,42,8/7/17,M,8/19/17,0.3637,13,8/29/17,22,N,,,
1 to 3,11,46,8/7/17,M,8/19/17,0.3543,13,8/29/17,22,N,,,
1 to 3,11,48,8/7/17,M,8/19/17,0.3281,13,8/29/17,22,N,,,
1 to 3,11,58,8/7/17,M,8/19/17,0.2801,13,8/29/17,22,N,,,
1 to 3,11,59,8/7/17,M,8/19/17,0.3427,13,8/29/17,22,N,,,
1 to 3,11,62,8/7/17,M,8/19/17,0.3692,13,8/29/17,22,N,,,
1 to 3,11,64,8/7/17,M,8/19/17,0.3463,13,8/29/17,22,N,,,
1 to 3,12,1,8/8/17,F,8/19/17,0.4217,12,8/30/17,22,N,,,
1 to 3,12,3,8/8/17,F,8/19/17,0.3977,12,8/30/17,22,N,,,
1 to 3,12,8,8/8/17,F,8/21/17,0.3445,14,8/30/17,22,N,,,
1 to 3,12,10,8/8/17,F,8/19/17,0.3811,12,8/30/17,22,N,,,
1 to 3,12,17,8/8/17,F,8/21/17,0.3159,14,8/30/17,22,N,,,
1 to 3,12,18,8/8/17,F,8/19/17,0.3655,12,8/30/17,22,N,,,
1 to 3,12,19,8/8/17,F,8/20/17,0.4282,13,8/30/17,22,N,,,
1 to 3,12,31,8/8/17,F,8/19/17,0.3498,12,8/30/17,22,N,,,
1 to 3,12,32,8/8/17,F,8/20/17,0.3913,13,8/30/17,22,N,,,
1 to 3,12,33,8/8/17,F,8/19/17,0.3118,12,8/30/17,22,N,,,
1 to 3,12,34,8/8/17,F,8/20/17,0.3854,13,8/30/17,22,N,,,
1 to 3,12,35,8/8/17,F,8/19/17,0.3768,12,8/30/17,22,N,,,
1 to 3,12,37,8/8/17,F,8/19/17,0.3669,12,8/30/17,22,N,,,
1 to 3,12,38,8/8/17,F,8/19/17,0.3549,12,8/30/17,22,N,,,
1 to 3,12,39,8/8/17,F,8/19/17,0.3841,12,8/30/17,22,N,,,
1 to 3,12,55,8/8/17,F,8/19/17,0.3326,12,8/30/17,22,N,,,
1 to 3,12,56,8/8/17,F,8/19/17,0.4067,12,8/30/17,22,N,,,
1 to 3,12,63,8/8/17,F,8/20/17,0.3043,13,8/30/17,22,N,,,
1 to 3,12,7,8/8/17,M,8/19/17,0.3283,12,8/30/17,22,N,,,
1 to 3,12,11,8/8/17,M,8/19/17,0.3528,12,8/30/17,22,N,,,
1 to 3,12,14,8/8/17,M,8/19/17,0.3104,12,8/30/17,22,N,,,
1 to 3,12,20,8/8/17,M,8/19/17,0.3626,12,8/30/17,22,N,,,
1 to 3,12,21,8/8/17,M,8/19/17,0.3428,12,8/30/17,22,N,,,
1 to 3,12,23,8/8/17,M,8/19/17,0.3747,12,8/30/17,22,N,,,
1 to 3,12,24,8/8/17,M,8/19/17,0.3266,12,8/30/17,22,N,,,
1 to 3,12,28,8/8/17,M,8/19/17,0.3394,12,8/30/17,22,N,,,
1 to 3,12,41,8/8/17,M,8/19/17,0.363,12,8/30/17,22,N,,,
1 to 3,12,45,8/8/17,M,8/19/17,0.3426,12,8/30/17,22,N,,,
1 to 3,12,49,8/8/17,M,8/19/17,0.3355,12,8/30/17,22,N,,,
1 to 3,12,51,8/8/17,M,8/19/17,0.3094,12,8/30/17,22,N,,,
1 to 3,12,52,8/8/17,M,8/19/17,0.3411,12,8/30/17,22,N,,,
1 to 3,12,59,8/8/17,M,8/19/17,0.3034,12,8/30/17,22,N,,,
1 to 3,12,61,8/8/17,M,8/19/17,0.3221,12,8/30/17,22,N,,,
1 to 3,12,64,8/8/17,M,8/19/17,0.3969,12,8/30/17,22,N,,,
1 to 3,19,13,9/1/17,F,NA,0.3682,NA,9/23/17,22,N,,,
1 to 3,19,19,9/1/17,F,NA,0.3955,NA,9/23/17,22,N,,,
1 to 3,19,25,9/1/17,F,NA,0.4278,NA,9/23/17,22,N,,,
1 to 3,19,35,9/1/17,F,NA,0.3973,NA,9/23/17,22,N,,,
1 to 3,19,43,9/1/17,F,NA,0.3994,NA,9/23/17,22,N,,,
1 to 3,19,46,9/1/17,F,NA,0.3709,NA,9/23/17,22,N,,,
1 to 3,19,48,9/1/17,F,NA,0.3836,NA,9/23/17,22,N,,,
1 to 3,19,49,9/1/17,F,NA,0.3842,NA,9/23/17,22,N,,,
1 to 3,19,51,9/1/17,M,NA,0.3279,NA,9/23/17,22,N,,,
1 to 3,19,54,9/1/17,M,NA,0.3962,NA,9/23/17,22,N,,,
1 to 3,23,1,10/3/17,F,NA,NA,NA,10/25/17,22,N,,,
1 to 3,23,3,10/3/17,F,NA,NA,NA,10/25/17,22,N,,,
1 to 3,23,9,10/3/17,F,NA,NA,NA,10/25/17,22,N,,,
1 to 3,23,11,10/3/17,F,NA,NA,NA,10/25/17,22,N,,,
1 to 3,23,19,10/3/17,F,NA,NA,NA,10/25/17,22,N,,,
1 to 3,23,22,10/3/17,F,NA,NA,NA,10/25/17,22,N,,,
1 to 3,23,26,10/3/17,F,NA,NA,NA,10/25/17,22,N,,,
1 to 3,23,32,10/3/17,F,NA,NA,NA,10/25/17,22,N,,,
1 to 3,23,2,10/3/17,M,NA,0.3686,NA,10/25/17,22,N,,,
1 to 3,23,4,10/3/17,M,NA,0.3813,NA,10/25/17,22,N,,,
1 to 3,26,5,10/30/17,F,11/12/17,0.3844,14,11/21/17,22,N,,,
1 to 3,26,6,10/30/17,F,11/12/17,0.3785,14,11/21/17,22,N,,,
1 to 3,26,8,10/30/17,F,11/12/17,0.4374,14,11/21/17,22,N,,,
1 to 3,26,13,10/30/17,F,11/12/17,0.3796,14,11/21/17,22,N,,,
1 to 3,26,20,10/30/17,F,11/12/17,0.3628,14,11/21/17,22,N,,,
1 to 3,26,26,10/30/17,F,11/12/17,0.3608,14,11/21/17,22,N,,,
1 to 3,26,27,10/30/17,F,11/12/17,0.4061,14,11/21/17,22,N,,,
1 to 3,26,34,10/30/17,F,11/13/17,0.3839,15,11/21/17,22,N,,,
1 to 3,26,36,10/30/17,F,11/12/17,0.3894,14,11/21/17,22,N,,,
1 to 3,26,42,10/30/17,F,11/12/17,0.3589,14,11/21/17,22,N,,,
1 to 3,26,43,10/30/17,F,11/13/17,0.2915,15,11/21/17,22,N,,,
1 to 3,26,57,10/30/17,F,11/13/17,0.3354,15,11/21/17,22,N,,,
1 to 3,26,59,10/30/17,F,11/12/17,0.3824,14,11/21/17,22,N,,,
1 to 3,27,6,11/13/17,F,11/25/17,0.3503,12,12/5/17,22,N,,,
1 to 3,27,19,11/13/17,F,11/24/17,0.3985,11,12/5/17,22,N,,,
1 to 3,27,24,11/13/17,F,11/24/17,0.4106,11,12/5/17,22,N,,,
1 to 3,27,45,11/13/17,F,11/26/17,0.3504,13,12/5/17,22,N,,,
1 to 3,27,58,11/13/17,F,11/25/17,0.365,12,12/5/17,22,N,,,
1 to 3,27,59,11/13/17,F,11/25/17,0.3577,12,12/5/17,22,N,,,
1 to 3,27,60,11/13/17,F,11/26/17,0.334,13,12/5/17,22,N,,,
1 to 3,27,26,11/13/17,M,11/24/17,0.3755,11,12/5/17,22,N,,,
1 to 3,12,19,8/14/17,F,8/26/17,0.3294,12,9/4/17,21,N,,,
1 to 3,12,39,8/14/17,F,8/25/17,0.323,11,9/4/17,21,N,,,
1 to 3,15,1,8/14/17,F,8/26/17,0.3607,12,9/4/17,21,N,,,
1 to 3,15,17,8/14/17,F,8/26/17,0.3257,12,9/4/17,21,N,,,
1 to 3,15,20,8/14/17,F,8/26/17,0.3414,12,9/4/17,21,N,,,
1 to 3,15,26,8/14/17,M,8/26/17,0.3213,12,9/4/17,21,N,,,
1 to 3,11,10,8/7/17,F,8/19/17,0.3438,13,8/28/17,21,N,,,
1 to 3,11,13,8/7/17,F,8/19/17,0.3609,13,8/28/17,21,N,,,
1 to 3,11,21,8/7/17,F,8/19/17,0.34,13,8/28/17,21,N,,,
1 to 3,11,32,8/7/17,F,8/19/17,0.311,13,8/28/17,21,N,,,
1 to 3,11,33,8/7/17,F,8/19/17,0.3172,13,8/28/17,21,N,,,
1 to 3,11,37,8/7/17,F,8/19/17,0.4365,13,8/28/17,21,N,,,
1 to 3,11,45,8/7/17,F,8/19/17,0.3182,13,8/28/17,21,N,,,
1 to 3,11,50,8/7/17,F,8/19/17,0.3521,13,8/28/17,21,N,,,
1 to 3,11,53,8/7/17,F,8/19/17,0.3354,13,8/28/17,21,N,,,
1 to 3,11,54,8/7/17,F,8/19/17,0.3198,13,8/28/17,21,N,,,
1 to 3,11,57,8/7/17,F,8/19/17,0.3514,13,8/28/17,21,N,,,
1 to 3,11,61,8/7/17,F,8/19/17,0.3722,13,8/28/17,21,N,,,
1 to 3,11,43,8/7/17,M,8/19/17,0.319,13,8/28/17,21,N,,,
1 to 3,12,30,8/8/17,F,8/20/17,0.438,13,8/29/17,21,N,,,
1 to 3,13,15,8/14/17,M,8/24/17,0.3922,12,9/4/17,21,N,,,
1 to 3,14,13,8/14/17,F,8/26/17,0.3718,14,9/4/17,21,N,,,
1 to 3,14,30,8/14/17,F,8/26/17,0.3373,14,9/4/17,21,N,,,
1 to 3,14,1,8/14/17,M,8/26/17,0.3607,14,9/4/17,21,N,,,
1 to 3,14,14,8/14/17,M,8/26/17,0.4061,14,9/4/17,21,N,,,
1 to 3,14,25,8/14/17,M,8/26/17,0.3662,14,9/4/17,21,N,,,
1 to 3,14,27,8/14/17,M,8/26/17,0.3597,14,9/4/17,21,N,,,
1 to 3,14,29,8/14/17,M,8/26/17,0.3742,14,9/4/17,21,N,,,
1 to 3,26,49,10/30/17,F,11/12/17,NA,14,11/20/17,21,N,,,
1 to 3,26,54,10/30/17,F,11/13/17,NA,15,11/20/17,21,N,,,
1 to 3,26,60,10/30/17,F,11/12/17,NA,14,11/20/17,21,N,,,
1 to 3,15,27,8/14/17,F,8/26/17,0.3709,12,9/3/17,20,N,,,
1 to 3,15,50,8/14/17,F,8/26/17,0.3744,12,9/3/17,20,N,,,
1 to 3,9,1,7/17/17,F,NA,0.3553,NA,8/6/17,20,N,,,
1 to 3,9,2,7/17/17,F,NA,0.3518,NA,8/6/17,20,N,,,
1 to 3,9,5,7/17/17,F,NA,0.3365,NA,8/6/17,20,N,,,
1 to 3,9,7,7/17/17,F,NA,0.3383,NA,8/6/17,20,N,,,
1 to 3,9,9,7/17/17,F,NA,0.3463,NA,8/6/17,20,N,,,
1 to 3,9,12,7/17/17,F,NA,0.3605,NA,8/6/17,20,N,,,
1 to 3,9,14,7/17/17,F,NA,0.3355,NA,8/6/17,20,N,,,
1 to 3,9,16,7/17/17,F,NA,0.3466,NA,8/6/17,20,N,,,
1 to 3,9,18,7/17/17,F,NA,0.3617,NA,8/6/17,20,N,,,
1 to 3,9,19,7/17/17,F,NA,0.3476,NA,8/6/17,20,N,,,
1 to 3,9,22,7/17/17,F,NA,0.3615,NA,8/6/17,20,N,,,
1 to 3,9,23,7/17/17,F,NA,0.3339,NA,8/6/17,20,N,,,
1 to 3,9,27,7/17/17,F,NA,0.3648,NA,8/6/17,20,N,,,
1 to 3,9,28,7/17/17,F,NA,0.335,NA,8/6/17,20,N,,,
1 to 3,9,31,7/17/17,F,NA,0.3329,NA,8/6/17,20,N,,,
1 to 3,9,32,7/17/17,F,NA,0.3469,NA,8/6/17,20,N,,,
1 to 3,9,33,7/17/17,F,NA,0.3296,NA,8/6/17,20,N,,,
1 to 3,9,35,7/17/17,F,NA,0.3451,NA,8/6/17,20,N,,,
1 to 3,9,36,7/17/17,F,NA,0.3285,NA,8/6/17,20,N,,,
1 to 3,9,39,7/17/17,F,NA,0.2969,NA,8/6/17,20,N,,,
1 to 3,9,40,7/17/17,F,NA,0.3221,NA,8/6/17,20,N,,,
1 to 3,9,42,7/17/17,F,NA,0.3409,NA,8/6/17,20,N,,,
1 to 3,9,45,7/17/17,F,NA,0.3595,NA,8/6/17,20,N,,,
1 to 3,9,46,7/17/17,F,NA,0.3379,NA,8/6/17,20,N,,,
1 to 3,9,49,7/17/17,F,NA,0.3353,NA,8/6/17,20,N,,,
1 to 3,9,51,7/17/17,F,NA,0.3554,NA,8/6/17,20,N,,,
1 to 3,9,52,7/17/17,F,NA,0.3572,NA,8/6/17,20,N,,,
1 to 3,9,55,7/17/17,F,NA,0.4388,NA,8/6/17,20,N,,,
1 to 3,9,56,7/17/17,F,NA,0.3624,NA,8/6/17,20,N,,,
1 to 3,9,57,7/17/17,F,NA,0.389,NA,8/6/17,20,N,,,
1 to 3,9,60,7/17/17,F,NA,0.3828,NA,8/6/17,20,N,,,
1 to 3,9,64,7/17/17,F,NA,0.3599,NA,8/6/17,20,N,,,
1 to 3,9,3,7/17/17,M,NA,0.3351,NA,8/6/17,20,N,,,
1 to 3,9,4,7/17/17,M,NA,0.3292,NA,8/6/17,20,N,,,
1 to 3,9,10,7/17/17,M,NA,0.3392,NA,8/6/17,20,N,,,
1 to 3,9,11,7/17/17,M,NA,0.343,NA,8/6/17,20,N,,,
1 to 3,9,13,7/17/17,M,NA,0.3344,NA,8/6/17,20,N,,,
1 to 3,9,15,7/17/17,M,NA,0.3303,NA,8/6/17,20,N,,,
1 to 3,9,17,7/17/17,M,NA,0.3374,NA,8/6/17,20,N,,,
1 to 3,9,20,7/17/17,M,NA,0.3155,NA,8/6/17,20,N,,,
1 to 3,9,21,7/17/17,M,NA,0.3283,NA,8/6/17,20,N,,,
1 to 3,9,24,7/17/17,M,NA,0.3564,NA,8/6/17,20,N,,,
1 to 3,9,25,7/17/17,M,NA,0.3623,NA,8/6/17,20,N,,,
1 to 3,9,26,7/17/17,M,NA,0.3336,NA,8/6/17,20,N,,,
1 to 3,9,29,7/17/17,M,NA,0.3765,NA,8/6/17,20,N,,,
1 to 3,9,30,7/17/17,M,NA,0.3402,NA,8/6/17,20,N,,,
1 to 3,9,34,7/17/17,M,NA,0.3074,NA,8/6/17,20,N,,,
1 to 3,9,37,7/17/17,M,NA,0.3374,NA,8/6/17,20,N,,,
1 to 3,9,38,7/17/17,M,NA,0.3625,NA,8/6/17,20,N,,,
1 to 3,9,41,7/17/17,M,NA,0.3447,NA,8/6/17,20,N,,,
1 to 3,9,43,7/17/17,M,NA,0.3365,NA,8/6/17,20,N,,,
1 to 3,9,44,7/17/17,M,NA,0.3347,NA,8/6/17,20,N,,,
1 to 3,9,47,7/17/17,M,NA,0.347,NA,8/6/17,20,N,,,
1 to 3,9,48,7/17/17,M,NA,0.339,NA,8/6/17,20,N,,,
1 to 3,9,50,7/17/17,M,NA,0.3389,NA,8/6/17,20,N,,,
1 to 3,9,53,7/17/17,M,NA,0.348,NA,8/6/17,20,N,,,
1 to 3,9,54,7/17/17,M,NA,0.3553,NA,8/6/17,20,N,,,
1 to 3,9,58,7/17/17,M,NA,0.3707,NA,8/6/17,20,N,,,
1 to 3,9,59,7/17/17,M,NA,0.3101,NA,8/6/17,20,N,,,
1 to 3,9,61,7/17/17,M,NA,0.3892,NA,8/6/17,20,N,,,
1 to 3,9,62,7/17/17,M,NA,0.3035,NA,8/6/17,20,N,,,
1 to 3,9,63,7/17/17,M,NA,0.4006,NA,8/6/17,20,N,,,
1 to 3,13,6,8/14/17,F,8/24/17,0.3797,12,9/3/17,20,N,,,
1 to 3,13,8,8/14/17,F,8/24/17,0.3413,12,9/3/17,20,N,,,
1 to 3,13,14,8/14/17,F,8/24/17,0.3436,12,9/3/17,20,N,,,
1 to 3,13,4,8/14/17,M,8/24/17,0.3773,12,9/3/17,20,N,,,
1 to 3,14,4,8/14/17,F,8/26/17,0.3482,14,9/3/17,20,N,,,
1 to 3,14,5,8/14/17,F,8/23/17,0.3715,11,9/3/17,20,N,,,
1 to 3,14,16,8/14/17,F,8/26/17,0.4157,14,9/3/17,20,N,,,
1 to 3,14,17,8/14/17,F,8/26/17,0.3883,14,9/3/17,20,N,,,
1 to 3,14,23,8/14/17,F,8/26/17,0.404,14,9/3/17,20,N,,,
1 to 3,14,19,8/14/17,M,8/26/17,0.4487,14,9/3/17,20,N,,,
1 to 3,9,6,7/17/17,F,NA,0.3434,NA,8/5/17,19,N,,,
1 to 3,9,8,7/17/17,F,NA,0.3624,NA,8/5/17,19,N,,,
1 to 3,9,67,7/18/17,F,NA,0.3642,NA,8/6/17,19,N,,,
1 to 3,9,65,7/18/17,M,NA,0.3951,NA,8/6/17,19,N,,,
1 to 3,9,66,7/18/17,M,NA,0.3111,NA,8/6/17,19,N,,,
1 to 3,9,68,7/18/17,M,NA,0.3372,NA,8/6/17,19,N,,,
1 to 3,9,69,7/18/17,M,NA,0.3619,NA,8/6/17,19,N,,,
1 to 3,13,2,8/14/17,F,8/24/17,0.3339,12,9/2/17,19,N,,,
1 to 3,13,9,8/14/17,F,8/23/17,0.3384,11,9/2/17,19,N,,,
1 to 3,13,10,8/14/17,F,8/24/17,0.4143,12,9/2/17,19,N,,,
1 to 3,13,16,8/14/17,F,8/23/17,0.3472,11,9/2/17,19,N,,,
1 to 3,13,19,8/14/17,F,8/23/17,0.3703,11,9/2/17,19,N,,,
1 to 3,13,21,8/14/17,F,8/23/17,0.3148,11,9/2/17,19,N,,,
1 to 3,13,3,8/14/17,M,8/23/17,0.3174,11,9/2/17,19,N,,,
1 to 3,13,5,8/14/17,M,8/23/17,0.3614,11,9/2/17,19,N,,,
1 to 3,13,7,8/14/17,M,8/24/17,0.3606,12,9/2/17,19,N,,,
1 to 3,13,12,8/14/17,M,8/23/17,0.3153,11,9/2/17,19,N,,,
1 to 3,13,13,8/14/17,M,8/23/17,0.3382,11,9/2/17,19,N,,,
1 to 3,13,18,8/14/17,M,8/23/17,0.3071,11,9/2/17,19,N,,,
1 to 3,13,20,8/14/17,M,8/23/17,0.3575,11,9/2/17,19,N,,,
1 to 3,14,3,8/14/17,F,8/26/17,0.3557,14,9/2/17,19,N,,,
1 to 3,14,6,8/14/17,F,8/26/17,0.356,14,9/2/17,19,N,,,
1 to 3,14,8,8/14/17,F,8/26/17,0.3788,14,9/2/17,19,N,,,
1 to 3,14,9,8/14/17,F,8/23/17,0.3369,11,9/2/17,19,N,,,
1 to 3,14,10,8/14/17,F,8/23/17,0.3371,11,9/2/17,19,N,,,
1 to 3,14,12,8/14/17,F,8/23/17,0.3167,11,9/2/17,19,N,,,
1 to 3,14,15,8/14/17,F,8/26/17,0.3969,14,9/2/17,19,N,,,
1 to 3,14,18,8/14/17,F,8/23/17,0.3412,11,9/2/17,19,N,,,
1 to 3,14,20,8/14/17,F,8/23/17,0.3403,11,9/2/17,19,N,,,
1 to 3,14,21,8/14/17,F,8/26/17,0.3376,14,9/2/17,19,N,,,
1 to 3,14,22,8/14/17,F,8/26/17,0.3497,14,9/2/17,19,N,,,
1 to 3,14,28,8/14/17,F,8/26/17,0.3729,14,9/2/17,19,N,,,
1 to 3,14,31,8/14/17,F,8/23/17,0.3371,11,9/2/17,19,N,,,
1 to 3,14,2,8/14/17,M,8/23/17,0.3097,11,9/2/17,19,N,,,
1 to 3,14,7,8/14/17,M,8/23/17,0.34,11,9/2/17,19,N,,,
1 to 3,14,11,8/14/17,M,8/23/17,0.3374,11,9/2/17,19,N,,,
1 to 3,14,26,8/14/17,M,8/23/17,0.3153,11,9/2/17,19,N,,,
1 to 3,13,1,8/14/17,F,8/23/17,0.3369,11,9/1/17,18,N,,,
1 to 3,13,17,8/14/17,F,8/23/17,0.3118,11,9/1/17,18,N,,,
1 to 3,14,24,8/14/17,F,8/26/17,0.3189,14,9/1/17,18,N,,,
Full Mating Exposure,1,8,10/31/17,F,11/15/17,0.3943,15,11/27/17,27,Y,,,
Full Mating Exposure,2,2,11/13/17,M,11/28/17,0.2841,15,12/10/17,27,Y,,,
Full Mating Exposure,2,27,11/15/17,M,11/28/17,0.4509,13,12/12/17,27,Y,,,
Full Mating Exposure,11,40,4/11/18,M,4/25/18,NA,14,5/8/18,27,Y,,,
Full Mating Exposure,1,11,10/31/17,F,11/14/17,0.3882,14,11/26/17,26,Y,,,
Full Mating Exposure,1,12,10/31/17,F,11/14/17,0.4218,14,11/26/17,26,Y,,,
Full Mating Exposure,1,13,10/31/17,F,11/14/17,0.3682,14,11/26/17,26,Y,,,
Full Mating Exposure,1,36,10/31/17,F,11/15/17,0.4057,15,11/26/17,26,Y,,,
Full Mating Exposure,1,42,10/31/17,F,11/14/17,0.3811,14,11/26/17,26,Y,,,
Full Mating Exposure,1,50,10/31/17,F,11/14/17,0.3825,14,11/26/17,26,Y,,,
Full Mating Exposure,1,2,10/31/17,M,11/12/17,0.3526,12,11/26/17,26,Y,,,
Full Mating Exposure,1,4,10/31/17,M,11/14/17,0.4166,14,11/26/17,26,Y,,,
Full Mating Exposure,1,6,10/31/17,M,11/15/17,0.414,15,11/26/17,26,Y,,,
Full Mating Exposure,1,10,10/31/17,M,11/14/17,0.429,14,11/26/17,26,Y,,,
Full Mating Exposure,1,24,10/31/17,M,11/12/17,0.3496,12,11/26/17,26,Y,,,
Full Mating Exposure,1,29,10/31/17,M,11/14/17,0.2817,14,11/26/17,26,Y,,,
Full Mating Exposure,1,39,10/31/17,M,11/13/17,0.3421,13,11/26/17,26,Y,,,
Full Mating Exposure,1,46,10/31/17,M,11/12/17,0.4167,12,11/26/17,26,Y,,,
Full Mating Exposure,1,49,10/31/17,M,11/13/17,0.3379,13,11/26/17,26,Y,,,
Full Mating Exposure,1,55,10/31/17,M,11/14/17,0.4396,14,11/26/17,26,Y,,,
Full Mating Exposure,2,5,11/13/17,M,11/27/17,0.3387,14,12/9/17,26,Y,,,
Full Mating Exposure,2,16,11/15/17,M,11/28/17,0.4044,13,12/11/17,26,Y,,,
Full Mating Exposure,2,23,11/15/17,M,11/29/17,0.4057,14,12/11/17,26,Y,,,
Full Mating Exposure,2,25,11/15/17,M,11/28/17,0.4083,13,12/11/17,26,Y,,,
Full Mating Exposure,2,31,11/15/17,M,11/29/17,0.4099,14,12/11/17,26,Y,,,
Full Mating Exposure,2,39,11/15/17,M,11/29/17,0.3971,14,12/11/17,26,Y,,,
Full Mating Exposure,2,70,11/15/17,M,11/28/17,0.3887,13,12/11/17,26,Y,,,
Full Mating Exposure,2,74,11/15/17,M,11/29/17,0.3627,14,12/11/17,26,Y,,,
Full Mating Exposure,1,1,10/31/17,F,11/12/17,0.3608,12,11/25/17,25,Y,,,
Full Mating Exposure,1,34,10/31/17,F,11/12/17,0.3665,12,11/25/17,25,Y,,,
Full Mating Exposure,1,38,10/31/17,F,11/15/17,0.3762,15,11/25/17,25,Y,,,
Full Mating Exposure,1,41,10/31/17,F,11/13/17,0.3574,13,11/25/17,25,Y,,,
Full Mating Exposure,1,53,10/31/17,F,11/12/17,0.3207,12,11/25/17,25,Y,,,
Full Mating Exposure,1,62,10/31/17,F,11/13/17,0.3517,13,11/25/17,25,Y,,,
Full Mating Exposure,1,7,10/31/17,M,11/12/17,0.3815,12,11/25/17,25,Y,,,
Full Mating Exposure,1,9,10/31/17,M,11/13/17,0.3556,13,11/25/17,25,Y,,,
Full Mating Exposure,1,16,10/31/17,M,11/11/17,0.3431,11,11/25/17,25,Y,,,
Full Mating Exposure,1,21,10/31/17,M,11/11/17,0.3529,11,11/25/17,25,Y,,,
Full Mating Exposure,1,23,10/31/17,M,11/12/17,0.362,12,11/25/17,25,Y,,,
Full Mating Exposure,1,32,10/31/17,M,11/13/17,0.3704,13,11/25/17,25,Y,,,
Full Mating Exposure,1,40,10/31/17,M,11/12/17,0.3749,12,11/25/17,25,Y,,,
Full Mating Exposure,1,48,10/31/17,M,11/12/17,0.3526,12,11/25/17,25,Y,,,
Full Mating Exposure,1,52,10/31/17,M,11/13/17,0.3681,13,11/25/17,25,Y,,,
Full Mating Exposure,1,58,10/31/17,M,11/13/17,0.3818,13,11/25/17,25,Y,,,
Full Mating Exposure,1,64,10/31/17,M,11/12/17,0.3886,12,11/25/17,25,Y,,,
Full Mating Exposure,2,56,11/15/17,F,11/29/17,0.4487,14,12/10/17,25,Y,,,
Full Mating Exposure,2,1,11/13/17,M,11/24/17,0.4294,11,12/8/17,25,Y,,,
Full Mating Exposure,11,5,4/11/18,M,4/22/18,NA,11,5/6/18,25,Y,,,
Full Mating Exposure,11,8,4/11/18,M,4/25/18,NA,14,5/6/18,25,Y,,,
Full Mating Exposure,1,15,10/31/17,F,11/12/17,0.4118,12,11/24/17,24,Y,,,
Full Mating Exposure,1,17,10/31/17,F,11/12/17,0.3752,12,11/24/17,24,Y,,,
Full Mating Exposure,1,18,10/31/17,F,11/12/17,0.4022,12,11/24/17,24,Y,,,
Full Mating Exposure,1,19,10/31/17,F,11/13/17,0.3585,13,11/24/17,24,Y,,,
Full Mating Exposure,1,20,10/31/17,F,11/12/17,0.3796,12,11/24/17,24,Y,,,
Full Mating Exposure,1,26,10/31/17,F,11/12/17,0.3342,12,11/24/17,24,Y,,,
Full Mating Exposure,1,27,10/31/17,F,11/12/17,0.3489,12,11/24/17,24,Y,,,
Full Mating Exposure,1,28,10/31/17,F,11/12/17,0.4212,12,11/24/17,24,Y,,,
Full Mating Exposure,1,30,10/31/17,F,11/12/17,0.4075,12,11/24/17,24,Y,,,
Full Mating Exposure,1,43,10/31/17,F,11/12/17,0.3712,12,11/24/17,24,Y,,,
Full Mating Exposure,1,44,10/31/17,F,11/12/17,0.3435,12,11/24/17,24,Y,,,
Full Mating Exposure,1,45,10/31/17,F,11/12/17,0.35,12,11/24/17,24,Y,,,
Full Mating Exposure,1,47,10/31/17,F,11/12/17,0.3394,12,11/24/17,24,Y,,,
Full Mating Exposure,1,54,10/31/17,F,11/12/17,0.4056,12,11/24/17,24,Y,,,
Full Mating Exposure,1,56,10/31/17,F,11/11/17,0.394,11,11/24/17,24,Y,,,
Full Mating Exposure,1,60,10/31/17,F,11/12/17,0.4059,12,11/24/17,24,Y,,,
Full Mating Exposure,1,5,10/31/17,M,11/12/17,0.3902,12,11/24/17,24,Y,,,
Full Mating Exposure,1,14,10/31/17,M,11/12/17,0.3508,12,11/24/17,24,Y,,,
Full Mating Exposure,1,22,10/31/17,M,11/11/17,0.3598,11,11/24/17,24,Y,,,
Full Mating Exposure,1,25,10/31/17,M,11/13/17,0.3143,13,11/24/17,24,Y,,,
Full Mating Exposure,1,33,10/31/17,M,11/13/17,0.4018,13,11/24/17,24,Y,,,
Full Mating Exposure,1,35,10/31/17,M,11/12/17,0.4146,12,11/24/17,24,Y,,,
Full Mating Exposure,1,51,10/31/17,M,11/12/17,0.3959,12,11/24/17,24,Y,,,
Full Mating Exposure,1,59,10/31/17,M,11/12/17,0.3958,12,11/24/17,24,Y,,,
Full Mating Exposure,1,63,10/31/17,M,11/12/17,0.3946,12,11/24/17,24,Y,,,
Full Mating Exposure,2,6,11/13/17,F,11/24/17,0.4178,11,12/7/17,24,Y,,,
Full Mating Exposure,2,10,11/13/17,F,11/25/17,0.4014,12,12/7/17,24,Y,,,
Full Mating Exposure,2,21,11/15/17,F,11/27/17,0.4133,12,12/9/17,24,Y,,,
Full Mating Exposure,2,30,11/15/17,F,11/29/17,0.4223,14,12/9/17,24,Y,,,
Full Mating Exposure,2,37,11/15/17,F,11/29/17,0.3692,14,12/9/17,24,Y,,,
Full Mating Exposure,2,43,11/15/17,F,11/28/17,0.3433,13,12/9/17,24,Y,,,
Full Mating Exposure,2,53,11/15/17,F,11/28/17,0.4037,13,12/9/17,24,Y,,,
Full Mating Exposure,2,3,11/13/17,M,11/25/17,0.3825,12,12/7/17,24,Y,,,
Full Mating Exposure,2,4,11/13/17,M,11/26/17,0.3755,13,12/7/17,24,Y,,,
Full Mating Exposure,2,12,11/13/17,M,11/25/17,0.3649,12,12/7/17,24,Y,,,
Full Mating Exposure,2,20,11/15/17,M,11/27/17,0.3524,12,12/9/17,24,Y,,,
Full Mating Exposure,2,22,11/15/17,M,11/28/17,0.3661,13,12/9/17,24,Y,,,
Full Mating Exposure,2,24,11/15/17,M,11/27/17,0.3948,12,12/9/17,24,Y,,,
Full Mating Exposure,2,26,11/15/17,M,11/28/17,0.3811,13,12/9/17,24,Y,,,
Full Mating Exposure,2,29,11/15/17,M,11/27/17,0.3811,12,12/9/17,24,Y,,,
Full Mating Exposure,2,34,11/15/17,M,11/26/17,0.3868,11,12/9/17,24,Y,,,
Full Mating Exposure,2,35,11/15/17,M,11/27/17,0.3888,12,12/9/17,24,Y,,,
Full Mating Exposure,2,38,11/15/17,M,11/28/17,0.3635,13,12/9/17,24,Y,,,
Full Mating Exposure,2,50,11/15/17,M,11/28/17,0.4202,13,12/9/17,24,Y,,,
Full Mating Exposure,2,51,11/15/17,M,11/28/17,0.3572,13,12/9/17,24,Y,,,
Full Mating Exposure,2,54,11/15/17,M,11/27/17,0.3894,12,12/9/17,24,Y,,,
Full Mating Exposure,2,55,11/15/17,M,11/26/17,0.3946,11,12/9/17,24,Y,,,
Full Mating Exposure,2,66,11/15/17,M,11/28/17,0.3411,13,12/9/17,24,Y,,,
Full Mating Exposure,2,67,11/15/17,M,11/27/17,0.3856,12,12/9/17,24,Y,,,
Full Mating Exposure,2,75,11/15/17,M,11/28/17,0.3918,13,12/9/17,24,Y,,,
Full Mating Exposure,2,76,11/15/17,M,11/28/17,0.386,13,12/9/17,24,Y,,,
Full Mating Exposure,2,77,11/15/17,M,11/27/17,0.3847,12,12/9/17,24,Y,,,
Full Mating Exposure,1,3,10/31/17,F,11/11/17,0.3928,11,11/23/17,23,Y,,,
Full Mating Exposure,2,11,11/13/17,F,11/25/17,0.3776,12,12/6/17,23,Y,,,
Full Mating Exposure,2,14,11/13/17,F,11/24/17,0.3414,11,12/6/17,23,Y,,,
Full Mating Exposure,2,17,11/15/17,F,11/27/17,0.348,12,12/8/17,23,Y,,,
Full Mating Exposure,2,18,11/15/17,F,11/28/17,0.3714,13,12/8/17,23,Y,,,
Full Mating Exposure,2,19,11/15/17,F,11/27/17,0.4033,12,12/8/17,23,Y,,,
Full Mating Exposure,2,33,11/15/17,F,11/28/17,0.4162,13,12/8/17,23,Y,,,
Full Mating Exposure,2,44,11/15/17,F,11/27/17,0.3754,12,12/8/17,23,Y,,,
Full Mating Exposure,2,46,11/15/17,F,11/27/17,0.397,12,12/8/17,23,Y,,,
Full Mating Exposure,2,48,11/15/17,F,11/27/17,0.3851,12,12/8/17,23,Y,,,
Full Mating Exposure,2,52,11/15/17,F,11/27/17,0.3868,12,12/8/17,23,Y,,,
Full Mating Exposure,2,57,11/15/17,F,11/26/17,0.3671,11,12/8/17,23,Y,,,
Full Mating Exposure,2,59,11/15/17,F,11/28/17,0.3176,13,12/8/17,23,Y,,,
Full Mating Exposure,2,61,11/15/17,F,11/28/17,0.3534,13,12/8/17,23,Y,,,
Full Mating Exposure,2,62,11/15/17,F,11/26/17,0.4178,11,12/8/17,23,Y,,,
Full Mating Exposure,2,64,11/15/17,F,11/28/17,0.3686,13,12/8/17,23,Y,,,
Full Mating Exposure,2,68,11/15/17,F,11/27/17,0.4055,12,12/8/17,23,Y,,,
Full Mating Exposure,2,71,11/15/17,F,11/28/17,0.3535,13,12/8/17,23,Y,,,
Full Mating Exposure,2,9,11/13/17,M,11/25/17,0.347,12,12/6/17,23,Y,,,
Full Mating Exposure,2,15,11/15/17,M,11/27/17,0.3689,12,12/8/17,23,Y,,,
Full Mating Exposure,2,36,11/15/17,M,11/26/17,0.3852,11,12/8/17,23,Y,,,
Full Mating Exposure,2,40,11/15/17,M,11/27/17,0.3585,12,12/8/17,23,Y,,,
Full Mating Exposure,2,42,11/15/17,M,11/26/17,0.3785,11,12/8/17,23,Y,,,
Full Mating Exposure,2,45,11/15/17,M,11/27/17,0.3302,12,12/8/17,23,Y,,,
Full Mating Exposure,2,58,11/15/17,M,11/27/17,0.359,12,12/8/17,23,Y,,,
Full Mating Exposure,2,60,11/15/17,M,11/26/17,0.4216,11,12/8/17,23,Y,,,
Full Mating Exposure,2,63,11/15/17,M,11/26/17,0.3744,11,12/8/17,23,Y,,,
Full Mating Exposure,2,65,11/15/17,M,11/26/17,0.4022,11,12/8/17,23,Y,,,
Full Mating Exposure,2,72,11/15/17,M,11/25/17,0.3775,10,12/8/17,23,Y,,,
Full Mating Exposure,2,78,11/15/17,M,11/27/17,0.3696,12,12/8/17,23,Y,,,
Full Mating Exposure,11,3,4/11/18,M,4/21/18,NA,10,5/4/18,23,Y,,,
Full Mating Exposure,11,27,4/11/18,M,4/23/18,NA,12,5/4/18,23,Y,,,
Full Mating Exposure,11,39,4/11/18,M,4/23/18,NA,12,5/4/18,23,Y,,,
Full Mating Exposure,2,7,11/13/17,F,11/24/17,0.3832,11,12/5/17,22,Y,,,
Full Mating Exposure,2,28,11/15/17,F,11/25/17,0.3882,10,12/7/17,22,Y,,,
Full Mating Exposure,2,32,11/15/17,F,11/25/17,0.3682,10,12/7/17,22,Y,,,
Full Mating Exposure,2,41,11/15/17,F,11/26/17,0.4035,11,12/7/17,22,Y,,,
Full Mating Exposure,2,47,11/15/17,F,11/26/17,0.4606,11,12/7/17,22,Y,,,
Full Mating Exposure,2,49,11/15/17,F,11/25/17,0.4074,10,12/7/17,22,Y,,,
Full Mating Exposure,2,69,11/15/17,F,11/28/17,0.3891,13,12/7/17,22,Y,,,
Full Mating Exposure,11,21,4/11/18,M,4/22/18,NA,11,5/3/18,22,Y,,,
Full Mating Exposure,11,22,4/11/18,M,4/23/18,NA,12,5/3/18,22,Y,,,
Full Mating Exposure,11,33,4/11/18,M,4/22/18,NA,11,5/3/18,22,Y,,,
Full Mating Exposure,2,73,11/15/17,F,11/25/17,0.4053,10,12/6/17,21,Y,,,
Full Mating Exposure,11,16,4/11/18,F,4/22/18,NA,11,5/2/18,21,Y,,,
Full Mating Exposure,11,18,4/11/18,F,4/22/18,NA,11,5/2/18,21,Y,,,
Full Mating Exposure,11,34,4/11/18,F,4/22/18,NA,11,5/2/18,21,Y,,,
Full Mating Exposure,11,38,4/11/18,F,4/23/18,NA,12,5/2/18,21,Y,,,
Full Mating Exposure,11,42,4/11/18,F,4/23/18,NA,12,5/2/18,21,Y,,,
Full Mating Exposure,11,44,4/11/18,F,4/23/18,NA,12,5/2/18,21,Y,,,
Full Mating Exposure,11,46,4/11/18,F,4/23/18,NA,12,5/2/18,21,Y,,,
Full Mating Exposure,11,23,4/11/18,M,4/22/18,NA,11,5/2/18,21,Y,,,
Full Mating Exposure,11,24,4/11/18,M,5/2/18,NA,21,5/2/18,21,Y,,,
Full Mating Exposure,11,32,4/11/18,M,4/22/18,NA,11,5/2/18,21,Y,,,
Full Mating Exposure,11,41,4/11/18,M,4/21/18,NA,10,5/2/18,21,Y,,,
Full Mating Exposure,11,47,4/11/18,M,4/21/18,NA,10,5/2/18,21,Y,,,
Full Mating Exposure,30,3,5/15/18,F,5/28/18,NA,13,6/5/18,21,Y,,,
Full Mating Exposure,30,11,5/15/18,F,5/28/18,NA,13,6/5/18,21,Y,,,
Full Mating Exposure,11,11,4/11/18,F,4/23/18,NA,12,5/1/18,20,Y,,,
Full Mating Exposure,11,17,4/11/18,F,4/22/18,NA,11,5/1/18,20,Y,,,
Full Mating Exposure,11,19,4/11/18,F,4/22/18,NA,11,5/1/18,20,Y,,,
Full Mating Exposure,11,20,4/11/18,F,4/23/18,NA,12,5/1/18,20,Y,,,
Full Mating Exposure,11,25,4/11/18,F,4/22/18,NA,11,5/1/18,20,Y,,,
Full Mating Exposure,11,28,4/11/18,F,4/21/18,NA,10,5/1/18,20,Y,,,
Full Mating Exposure,11,30,4/11/18,F,4/22/18,NA,11,5/1/18,20,Y,,,
Full Mating Exposure,11,35,4/11/18,F,4/23/18,NA,12,5/1/18,20,Y,,,
Full Mating Exposure,11,48,4/11/18,F,4/22/18,NA,11,5/1/18,20,Y,,,
Full Mating Exposure,11,9,4/11/18,M,4/21/18,NA,10,5/1/18,20,Y,,,
Full Mating Exposure,11,10,4/11/18,M,4/22/18,NA,11,5/1/18,20,Y,,,
Full Mating Exposure,11,26,4/11/18,M,4/22/18,NA,11,5/1/18,20,Y,,,
Full Mating Exposure,11,37,4/11/18,M,4/22/18,NA,11,5/1/18,20,Y,,,
Full Mating Exposure,30,10,5/15/18,F,5/27/18,NA,12,6/4/18,20,Y,,,
Full Mating Exposure,30,1,5/15/18,F,5/28/18,NA,13,6/3/18,19,Y,,,
Full Mating Exposure,30,5,5/15/18,M,5/27/18,NA,12,6/3/18,19,Y,,,
Full Mating Exposure,30,13,5/15/18,F,5/29/18,NA,14,6/3/18,19,Y,,,
Full Mating Exposure,30,15,5/15/18,F,5/28/18,NA,13,6/3/18,19,Y,,,
Full Mating Exposure,30,16,5/15/18,F,5/29/18,NA,14,6/3/18,19,Y,,,
Full Mating Exposure,30,7,5/15/18,F,5/27/18,NA,12,6/2/18,18,Y,,,
Over Exp,12,9,4/11/18,M,4/24/18,NA,13,5/5/18,24,Y,,,
Over Exp,12,37,4/11/18,M,4/23/18,NA,12,5/5/18,24,Y,,,
Over Exp,12,4,4/11/18,M,4/24/18,NA,13,5/4/18,23,Y,,,
Over Exp,12,13,4/11/18,M,4/23/18,NA,12,5/4/18,23,Y,,,
Over Exp,12,14,4/11/18,M,4/23/18,NA,12,5/4/18,23,Y,,,
Over Exp,12,20,4/11/18,M,4/22/18,NA,11,5/4/18,23,Y,,,
Over Exp,12,32,4/11/18,M,4/24/18,NA,13,5/4/18,23,Y,,,
Over Exp,12,36,4/11/18,M,4/23/18,NA,12,5/4/18,23,Y,,,
Over Exp,12,40,4/11/18,M,4/22/18,NA,11,5/4/18,23,Y,,,
Over Exp,12,12,4/11/18,F,4/23/18,NA,12,5/3/18,22,Y,,,
Over Exp,12,16,4/11/18,F,4/23/18,NA,12,5/3/18,22,Y,,,
Over Exp,12,19,4/11/18,F,4/24/18,NA,13,5/3/18,22,Y,,,
Over Exp,12,38,4/11/18,F,4/23/18,NA,12,5/3/18,22,Y,,,
Over Exp,12,41,4/11/18,F,4/23/18,NA,12,5/3/18,22,Y,,,
Over Exp,12,5,4/11/18,M,4/23/18,NA,12,5/3/18,22,Y,,,
Over Exp,12,6,4/11/18,M,4/22/18,NA,11,5/3/18,22,Y,,,
Over Exp,12,7,4/11/18,M,4/23/18,NA,12,5/3/18,22,Y,,,
Over Exp,12,17,4/11/18,M,4/23/18,NA,12,5/3/18,22,Y,,,
Over Exp,12,22,4/11/18,M,4/23/18,NA,12,5/3/18,22,Y,,,
Over Exp,12,25,4/11/18,M,4/22/18,NA,11,5/3/18,22,Y,,,
Over Exp,12,26,4/11/18,M,4/23/18,NA,12,5/3/18,22,Y,,,
Over Exp,12,27,4/11/18,M,4/22/18,NA,11,5/3/18,22,Y,,,
Over Exp,12,46,4/11/18,M,4/22/18,NA,11,5/3/18,22,Y,,,
Over Exp,12,3,4/11/18,F,4/24/18,NA,13,5/2/18,21,Y,,,
Over Exp,12,8,4/11/18,F,4/23/18,NA,12,5/2/18,21,Y,,,
Over Exp,12,11,4/11/18,F,4/22/18,NA,11,5/2/18,21,Y,,,
Over Exp,12,34,4/11/18,F,4/22/18,NA,11,5/2/18,21,Y,,,
Over Exp,12,35,4/11/18,F,4/23/18,NA,12,5/2/18,21,Y,,,
Over Exp,12,39,4/11/18,F,4/23/18,NA,12,5/2/18,21,Y,,,
Over Exp,12,2,4/11/18,M,4/24/18,NA,13,5/2/18,21,Y,,,
Over Exp,12,23,4/11/18,M,4/22/18,NA,11,5/2/18,21,Y,,,
Over Exp,12,28,4/11/18,M,4/23/18,NA,12,5/2/18,21,Y,,,
Over Exp,12,44,4/11/18,M,4/23/18,NA,12,5/2/18,21,Y,,,
Over Exp,12,45,4/11/18,M,4/21/18,NA,10,5/2/18,21,Y,,,
Over Exp,12,48,4/11/18,NA,4/22/18,NA,11,5/2/18,21,Y,,,
Over Exp,26,2,5/15/18,NA,5/28/18,NA,13,6/5/18,21,Y,,,
Over Exp,26,3,5/15/18,M,5/28/18,NA,13,6/5/18,21,Y,,,
Over Exp,26,4,5/15/18,F,5/27/18,NA,12,6/5/18,21,Y,,,
Over Exp,26,7,5/15/18,M,5/26/18,NA,11,6/5/18,21,Y,,,
Over Exp,26,8,5/15/18,M,5/27/18,NA,12,6/5/18,21,Y,,,
Over Exp,26,9,5/15/18,F,5/28/18,NA,13,6/5/18,21,Y,,,
Over Exp,26,10,5/15/18,M,5/27/18,NA,12,6/5/18,21,Y,,,
Over Exp,26,12,5/15/18,M,5/27/18,NA,12,6/5/18,21,Y,,,
Over Exp,26,15,5/15/18,NA,5/28/18,NA,13,6/5/18,21,Y,,,
Over Exp,12,1,4/11/18,F,4/24/18,NA,13,5/1/18,20,Y,,,
Over Exp,12,10,4/11/18,F,4/22/18,NA,11,5/1/18,20,Y,,,
Over Exp,12,15,4/11/18,F,4/22/18,NA,11,5/1/18,20,Y,,,
Over Exp,12,18,4/11/18,F,4/24/18,NA,13,5/1/18,20,Y,,,
Over Exp,12,21,4/11/18,F,4/23/18,NA,12,5/1/18,20,Y,,,
Over Exp,12,42,4/11/18,F,4/23/18,NA,12,5/1/18,20,Y,,,
Over Exp,12,43,4/11/18,F,4/26/18,NA,15,5/1/18,20,Y,,,
Over Exp,12,29,4/11/18,M,4/21/18,NA,10,5/1/18,20,Y,,,
Over Exp,12,31,4/11/18,M,4/22/18,NA,11,5/1/18,20,Y,,,
Over Exp,12,47,4/11/18,M,4/22/18,NA,11,5/1/18,20,Y,,,
Over Exp,26,1,5/15/18,F,5/29/18,NA,14,6/4/18,20,Y,,,
Over Exp,26,13,5/15/18,F,5/28/18,NA,13,6/4/18,20,Y,,,
Over Exp,26,11,5/15/18,F,5/27/18,NA,12,6/3/18,19,Y,,,
Over Exp,26,14,5/15/18,F,5/29/18,NA,14,6/3/18,19,Y,,,
Over Exp,26,16,5/15/18,F,5/27/18,NA,12,6/3/18,19,Y,,,
1 to 3,5,18,10/25/17,M,11/14/17,0.3895,20,11/26/17,32,N,,,
1 to 3,5,57,10/23/17,F,11/8/17,0.3543,16,11/21/17,29,N,,,
1 to 3,6,21,10/25/17,F,11/11/17,0.3827,17,11/23/17,29,N,,,
1 to 3,6,48,10/25/17,M,11/10/17,0.4189,16,11/23/17,29,N,,,
1 to 3,5,3,10/25/17,F,11/9/17,0.3914,15,11/22/17,28,N,,,
1 to 3,5,4,10/25/17,M,11/8/17,0.407,14,11/22/17,28,N,,,
1 to 3,5,5,10/25/17,M,11/9/17,0.3758,15,11/22/17,28,N,,,
1 to 3,5,13,10/25/17,M,11/10/17,0.3672,16,11/22/17,28,N,,,
1 to 3,5,16,10/25/17,M,11/8/17,0.3763,14,11/22/17,28,N,,,
1 to 3,5,36,10/25/17,M,11/9/17,0.3933,15,11/22/17,28,N,,,
1 to 3,5,39,10/25/17,M,11/8/17,0.3956,14,11/22/17,28,N,,,
1 to 3,5,43,10/25/17,M,11/8/17,0.4448,14,11/22/17,28,N,,,
1 to 3,5,45,10/25/17,M,11/8/17,0.3526,14,11/22/17,28,N,,,
1 to 3,5,51,10/25/17,M,11/14/17,0.3344,20,11/22/17,28,N,,,
1 to 3,5,56,10/25/17,M,11/8/17,0.3793,14,11/22/17,28,N,,,
1 to 3,6,1,10/25/17,M,11/8/17,0.3944,14,11/22/17,28,N,,,
1 to 3,6,7,10/25/17,M,11/9/17,0.4179,15,11/22/17,28,N,,,
1 to 3,6,8,10/25/17,M,11/8/17,0.4177,14,11/22/17,28,N,,,
1 to 3,6,9,10/25/17,M,11/8/17,0.4027,14,11/22/17,28,N,,,
1 to 3,6,10,10/25/17,M,11/9/17,0.3673,15,11/22/17,28,N,,,
1 to 3,6,11,10/25/17,M,11/8/17,0.4176,14,11/22/17,28,N,,,
1 to 3,6,13,10/25/17,M,11/8/17,0.3632,14,11/22/17,28,N,,,
1 to 3,6,14,10/25/17,M,11/8/17,0.3793,14,11/22/17,28,N,,,
1 to 3,6,19,10/25/17,M,11/9/17,0.3513,15,11/22/17,28,N,,,
1 to 3,6,23,10/25/17,M,11/9/17,0.3888,15,11/22/17,28,N,,,
1 to 3,6,29,10/25/17,M,11/8/17,0.4028,14,11/22/17,28,N,,,
1 to 3,6,33,10/25/17,M,11/9/17,0.424,15,11/22/17,28,N,,,
1 to 3,6,35,10/25/17,M,11/9/17,0.4107,15,11/22/17,28,N,,,
1 to 3,6,38,10/25/17,M,11/8/17,0.356,14,11/22/17,28,N,,,
1 to 3,6,47,10/25/17,M,11/9/17,0.3867,15,11/22/17,28,N,,,
1 to 3,6,49,10/25/17,M,11/9/17,0.3015,15,11/22/17,28,N,,,
1 to 3,6,51,10/25/17,M,11/7/17,0.3825,13,11/22/17,28,N,,,
1 to 3,6,64,10/25/17,M,11/8/17,0.3763,14,11/22/17,28,N,,,
1 to 3,5,7,10/25/17,F,11/9/17,0.3871,15,11/21/17,27,N,,,
1 to 3,5,11,10/25/17,F,11/8/17,0.4236,14,11/21/17,27,N,,,
1 to 3,5,15,10/25/17,F,11/8/17,0.3627,14,11/21/17,27,N,,,
1 to 3,5,19,10/25/17,F,11/8/17,0.4013,14,11/21/17,27,N,,,
1 to 3,5,23,10/25/17,F,11/8/17,0.4016,14,11/21/17,27,N,,,
1 to 3,5,26,10/25/17,F,11/9/17,0.3531,15,11/21/17,27,N,,,
1 to 3,5,30,10/25/17,F,11/7/17,0.3544,13,11/21/17,27,N,,,
1 to 3,5,35,10/25/17,F,11/8/17,0.3906,14,11/21/17,27,N,,,
1 to 3,5,38,10/25/17,F,11/9/17,0.3789,15,11/21/17,27,N,,,
1 to 3,5,44,10/25/17,F,11/8/17,0.3609,14,11/21/17,27,N,,,
1 to 3,5,5,10/23/17,F,11/5/17,0.3649,13,11/19/17,27,N,,,
1 to 3,5,21,10/23/17,F,11/6/17,0.2465,14,11/19/17,27,N,,,
1 to 3,5,26,10/23/17,F,11/6/17,0.3884,14,11/19/17,27,N,,,
1 to 3,5,40,10/23/17,F,11/8/17,0.3709,16,11/19/17,27,N,,,
1 to 3,5,8,10/25/17,M,11/8/17,0.3331,14,11/21/17,27,N,,,
1 to 3,5,20,10/25/17,M,11/8/17,0.3341,14,11/21/17,27,N,,,
1 to 3,5,29,10/25/17,M,11/9/17,0.359,15,11/21/17,27,N,,,
1 to 3,5,32,10/25/17,M,11/8/17,0.3931,14,11/21/17,27,N,,,
1 to 3,5,37,10/25/17,M,11/8/17,0.3668,14,11/21/17,27,N,,,
1 to 3,5,40,10/25/17,M,11/8/17,0.4116,14,11/21/17,27,N,,,
1 to 3,5,47,10/25/17,M,11/8/17,0.34,14,11/21/17,27,N,,,
1 to 3,5,1,10/23/17,M,11/7/17,0.4111,15,11/19/17,27,N,,,
1 to 3,5,7,10/23/17,M,11/6/17,0.3591,14,11/19/17,27,N,,,
1 to 3,5,15,10/23/17,M,11/8/17,0.3346,16,11/19/17,27,N,,,
1 to 3,5,23,10/23/17,M,11/5/17,0.3551,13,11/19/17,27,N,,,
1 to 3,5,25,10/23/17,M,11/6/17,0.2916,14,11/19/17,27,N,,,
1 to 3,5,33,10/23/17,M,11/5/17,0.3684,13,11/19/17,27,N,,,
1 to 3,5,34,10/23/17,M,11/4/17,0.3234,12,11/19/17,27,N,,,
1 to 3,5,38,10/23/17,M,11/8/17,0.4091,16,11/19/17,27,N,,,
1 to 3,5,44,10/23/17,M,11/6/17,0.3522,14,11/19/17,27,N,,,
1 to 3,5,47,10/23/17,M,11/7/17,0.3736,15,11/19/17,27,N,,,
1 to 3,5,48,10/23/17,M,11/5/17,0.343,13,11/19/17,27,N,,,
1 to 3,5,52,10/23/17,M,11/6/17,0.3788,14,11/19/17,27,N,,,
1 to 3,6,4,10/25/17,F,11/8/17,0.3429,14,11/21/17,27,N,,,
1 to 3,6,6,10/25/17,F,11/9/17,0.4109,15,11/21/17,27,N,,,
1 to 3,6,17,10/25/17,F,11/9/17,0.3901,15,11/21/17,27,N,,,
1 to 3,6,24,10/25/17,F,11/10/17,0.3933,16,11/21/17,27,N,,,
1 to 3,6,34,10/25/17,F,11/9/17,0.4126,15,11/21/17,27,N,,,
1 to 3,6,36,10/25/17,F,11/9/17,0.3778,15,11/21/17,27,N,,,
1 to 3,6,37,10/25/17,F,11/8/17,0.421,14,11/21/17,27,N,,,
1 to 3,6,40,10/25/17,F,11/8/17,0.4139,14,11/21/17,27,N,,,
1 to 3,6,42,10/25/17,F,11/9/17,0.38,15,11/21/17,27,N,,,
1 to 3,6,44,10/25/17,F,11/8/17,0.3822,14,11/21/17,27,N,,,
1 to 3,6,53,10/25/17,F,11/8/17,0.3278,14,11/21/17,27,N,,,
1 to 3,6,16,10/25/17,M,11/8/17,0.3929,14,11/21/17,27,N,,,
1 to 3,6,20,10/25/17,M,11/8/17,0.3172,14,11/21/17,27,N,,,
1 to 3,6,28,10/25/17,M,11/9/17,0.3867,15,11/21/17,27,N,,,
1 to 3,6,30,10/25/17,M,11/8/17,0.4036,14,11/21/17,27,N,,,
1 to 3,6,32,10/25/17,M,11/8/17,0.4355,14,11/21/17,27,N,,,
1 to 3,6,46,10/25/17,M,11/8/17,0.3505,14,11/21/17,27,N,,,
1 to 3,6,56,10/25/17,M,11/8/17,0.3962,14,11/21/17,27,N,,,
1 to 3,6,62,10/25/17,M,11/8/17,0.4102,14,11/21/17,27,N,,,
1 to 3,5,6,10/25/17,F,11/8/17,0.3693,14,11/20/17,26,N,,,
1 to 3,5,9,10/25/17,F,11/8/17,0.3673,14,11/20/17,26,N,,,
1 to 3,5,17,10/25/17,F,11/8/17,0.3737,14,11/20/17,26,N,,,
1 to 3,5,25,10/25/17,F,11/8/17,0.3952,14,11/20/17,26,N,,,
1 to 3,5,31,10/25/17,F,11/8/17,0.4099,14,11/20/17,26,N,,,
1 to 3,5,33,10/25/17,F,11/8/17,0.3859,14,11/20/17,26,N,,,
1 to 3,5,42,10/25/17,F,11/8/17,0.4052,14,11/20/17,26,N,,,
1 to 3,5,46,10/25/17,F,11/8/17,0.3768,14,11/20/17,26,N,,,
1 to 3,5,52,10/25/17,F,11/8/17,0.3606,14,11/20/17,26,N,,,
1 to 3,5,54,10/25/17,F,11/8/17,0.3665,14,11/20/17,26,N,,,
1 to 3,5,55,10/25/17,F,11/7/17,0.3563,13,11/20/17,26,N,,,
1 to 3,5,58,10/25/17,F,11/8/17,0.3891,14,11/20/17,26,N,,,
1 to 3,5,59,10/25/17,F,11/6/17,0.3272,12,11/20/17,26,N,,,
1 to 3,5,13,10/23/17,F,11/5/17,0.3533,13,11/18/17,26,N,,,
1 to 3,5,35,10/23/17,F,11/4/17,0.3435,12,11/18/17,26,N,,,
1 to 3,5,54,10/23/17,F,11/5/17,0.4162,13,11/18/17,26,N,,,
1 to 3,5,27,10/25/17,M,11/8/17,0.3835,14,11/20/17,26,N,,,
1 to 3,5,28,10/25/17,M,11/8/17,0.3435,14,11/20/17,26,N,,,
1 to 3,5,34,10/25/17,M,11/8/17,0.3771,14,11/20/17,26,N,,,
1 to 3,5,57,10/25/17,M,11/7/17,0.3366,13,11/20/17,26,N,,,
1 to 3,5,4,10/23/17,M,11/5/17,0.3814,13,11/18/17,26,N,,,
1 to 3,5,9,10/23/17,M,11/5/17,0.3755,13,11/18/17,26,N,,,
1 to 3,5,12,10/23/17,M,11/6/17,0.3291,14,11/18/17,26,N,,,
1 to 3,5,42,10/23/17,M,11/5/17,0.3762,13,11/18/17,26,N,,,
1 to 3,5,50,10/23/17,M,11/6/17,0.3214,14,11/18/17,26,N,,,
1 to 3,5,56,10/23/17,M,11/5/17,0.3535,13,11/18/17,26,N,,,
1 to 3,5,59,10/23/17,M,11/6/17,0.3491,14,11/18/17,26,N,,,
1 to 3,6,2,10/25/17,F,11/8/17,0.3461,14,11/20/17,26,N,,,
1 to 3,6,5,10/25/17,F,11/8/17,0.4096,14,11/20/17,26,N,,,
1 to 3,6,12,10/25/17,F,11/8/17,0.4292,14,11/20/17,26,N,,,
1 to 3,6,15,10/25/17,F,11/8/17,0.4113,14,11/20/17,26,N,,,
1 to 3,6,18,10/25/17,F,11/8/17,0.3847,14,11/20/17,26,N,,,
1 to 3,6,22,10/25/17,F,11/8/17,0.3887,14,11/20/17,26,N,,,
1 to 3,6,25,10/25/17,F,11/6/17,0.3372,12,11/20/17,26,N,,,
1 to 3,6,26,10/25/17,F,11/6/17,0.3236,12,11/20/17,26,N,,,
1 to 3,6,39,10/25/17,F,11/8/17,0.3472,14,11/20/17,26,N,,,
1 to 3,6,41,10/25/17,F,11/8/17,0.3865,14,11/20/17,26,N,,,
1 to 3,6,45,10/25/17,F,11/6/17,0.3586,12,11/20/17,26,N,,,
1 to 3,6,50,10/25/17,F,11/8/17,0.3465,14,11/20/17,26,N,,,
1 to 3,6,52,10/25/17,F,11/6/17,0.3643,12,11/20/17,26,N,,,
1 to 3,6,60,10/25/17,F,11/7/17,0.3509,13,11/20/17,26,N,,,
1 to 3,6,61,10/25/17,F,11/7/17,0.3507,13,11/20/17,26,N,,,
1 to 3,6,63,10/25/17,F,11/7/17,0.3428,13,11/20/17,26,N,,,
1 to 3,6,27,10/25/17,M,11/6/17,0.3488,12,11/20/17,26,N,,,
1 to 3,6,31,10/25/17,M,11/7/17,0.353,13,11/20/17,26,N,,,
1 to 3,6,43,10/25/17,M,11/8/17,0.3398,14,11/20/17,26,N,,,
1 to 3,6,54,10/25/17,M,11/8/17,0.3444,14,11/20/17,26,N,,,
1 to 3,6,55,10/25/17,M,11/8/17,0.3489,14,11/20/17,26,N,,,
1 to 3,6,57,10/25/17,M,11/8/17,0.3365,14,11/20/17,26,N,,,
1 to 3,6,58,10/25/17,M,11/8/17,0.3452,14,11/20/17,26,N,,,
1 to 3,6,59,10/25/17,M,11/6/17,0.3048,12,11/20/17,26,N,,,
1 to 3,2,3,10/4/17,F,NA,0.4021,NA,10/29/17,25,N,,,
1 to 3,2,13,10/4/17,F,NA,0.376,NA,10/29/17,25,N,,,
1 to 3,2,25,10/4/17,F,NA,0.4085,NA,10/29/17,25,N,,,
1 to 3,2,44,10/4/17,F,NA,0.3987,NA,10/29/17,25,N,,,
1 to 3,2,52,10/4/17,F,NA,0.4636,NA,10/29/17,25,N,,,
1 to 3,2,5,10/4/17,M,NA,0.3425,NA,10/29/17,25,N,,,
1 to 3,2,7,10/4/17,M,NA,0.3727,NA,10/29/17,25,N,,,
1 to 3,2,19,10/4/17,M,NA,0.3752,NA,10/29/17,25,N,,,
1 to 3,2,21,10/4/17,M,NA,0.3885,NA,10/29/17,25,N,,,
1 to 3,2,33,10/4/17,M,NA,0.3738,NA,10/29/17,25,N,,,
1 to 3,2,41,10/4/17,M,NA,0.3534,NA,10/29/17,25,N,,,
1 to 3,2,48,10/4/17,M,NA,0.3598,NA,10/29/17,25,N,,,
1 to 3,2,56,10/4/17,M,NA,0.3554,NA,10/29/17,25,N,,,
1 to 3,2,60,10/4/17,M,NA,0.3728,NA,10/29/17,25,N,,,
1 to 3,2,63,10/4/17,M,NA,0.3732,NA,10/29/17,25,N,,,
1 to 3,5,3,10/23/17,F,11/5/17,0.3257,13,11/17/17,25,N,,,
1 to 3,5,6,10/23/17,F,11/6/17,0.3303,14,11/17/17,25,N,,,
1 to 3,5,10,10/23/17,F,11/5/17,0.38,13,11/17/17,25,N,,,
1 to 3,5,11,10/23/17,F,11/6/17,0.3474,14,11/17/17,25,N,,,
1 to 3,5,18,10/23/17,F,11/5/17,0.3903,13,11/17/17,25,N,,,
1 to 3,5,20,10/23/17,F,11/6/17,0.3775,14,11/17/17,25,N,,,
1 to 3,5,31,10/23/17,F,11/5/17,0.3654,13,11/17/17,25,N,,,
1 to 3,5,43,10/23/17,F,11/5/17,0.3225,13,11/17/17,25,N,,,
1 to 3,5,51,10/23/17,F,11/5/17,0.3816,13,11/17/17,25,N,,,
1 to 3,5,53,10/23/17,F,11/5/17,0.3714,13,11/17/17,25,N,,,
1 to 3,5,61,10/23/17,F,11/6/17,0.3687,14,11/17/17,25,N,,,
1 to 3,5,63,10/23/17,F,11/5/17,0.3747,13,11/17/17,25,N,,,
1 to 3,5,64,10/23/17,F,11/5/17,NA,13,11/17/17,25,N,,,
1 to 3,5,60,10/23/17,M,11/5/17,0.3046,13,11/17/17,25,N,,,
1 to 3,6,3,10/25/17,M,11/9/17,0.4076,15,11/19/17,25,N,,,
1 to 3,2,2,10/4/17,F,NA,0.4038,NA,10/28/17,24,N,,,
1 to 3,2,4,10/4/17,F,NA,0.3854,NA,10/28/17,24,N,,,
1 to 3,2,6,10/4/17,F,NA,0.4104,NA,10/28/17,24,N,,,
1 to 3,2,8,10/4/17,F,NA,0.345,NA,10/28/17,24,N,,,
1 to 3,2,11,10/4/17,F,NA,0.3691,NA,10/28/17,24,N,,,
1 to 3,2,12,10/4/17,F,NA,0.4267,NA,10/28/17,24,N,,,
1 to 3,2,15,10/4/17,F,NA,0.4207,NA,10/28/17,24,N,,,
1 to 3,2,17,10/4/17,F,NA,0.4369,NA,10/28/17,24,N,,,
1 to 3,2,18,10/4/17,F,NA,0.3057,NA,10/28/17,24,N,,,
1 to 3,2,20,10/4/17,F,NA,0.455,NA,10/28/17,24,N,,,
1 to 3,2,22,10/4/17,F,NA,0.3733,NA,10/28/17,24,N,,,
1 to 3,2,26,10/4/17,F,NA,0.4082,NA,10/28/17,24,N,,,
1 to 3,2,29,10/4/17,F,NA,0.4312,NA,10/28/17,24,N,,,
1 to 3,2,31,10/4/17,F,NA,0.4072,NA,10/28/17,24,N,,,
1 to 3,2,35,10/4/17,F,NA,0.4386,NA,10/28/17,24,N,,,
1 to 3,2,36,10/4/17,F,NA,0.3424,NA,10/28/17,24,N,,,
1 to 3,2,37,10/4/17,F,NA,0.3863,NA,10/28/17,24,N,,,
1 to 3,2,42,10/4/17,F,NA,0.3818,NA,10/28/17,24,N,,,
1 to 3,2,58,10/4/17,F,NA,0.4101,NA,10/28/17,24,N,,,
1 to 3,2,61,10/4/17,F,NA,0.3478,NA,10/28/17,24,N,,,
1 to 3,2,1,10/4/17,M,NA,0.3418,NA,10/28/17,24,N,,,
1 to 3,2,14,10/4/17,M,NA,0.3784,NA,10/28/17,24,N,,,
1 to 3,2,16,10/4/17,M,NA,0.2914,NA,10/28/17,24,N,,,
1 to 3,2,28,10/4/17,M,NA,0.4316,NA,10/28/17,24,N,,,
1 to 3,2,40,10/4/17,M,NA,0.3807,NA,10/28/17,24,N,,,
1 to 3,2,49,10/4/17,M,NA,0.3449,NA,10/28/17,24,N,,,
1 to 3,2,50,10/4/17,M,NA,0.3741,NA,10/28/17,24,N,,,
1 to 3,2,54,10/4/17,M,NA,0.3401,NA,10/28/17,24,N,,,
1 to 3,2,62,10/4/17,M,NA,0.3564,NA,10/28/17,24,N,,,
1 to 3,2,32,10/4/17,F,NA,0.3962,NA,10/27/17,23,N,,,
1 to 3,2,53,10/4/17,F,NA,0.3789,NA,10/27/17,23,N,,,