Trial,Replicate,IndividualID,FoodDate,Sex,PupationDate,PupalMass,PupationAge,EmergenceDate,EmergenceAge,Ultrasound
1 to 3,27,53,11/13/17,F,12/1/17,0.3172,18,12/11/17,28,N
1 to 3,26,3,10/30/17,F,11/15/17,0.3055,17,DEAD,NA,N
1 to 3,27,34,11/13/17,F,11/30/17,0.2726,17,12/13/17,30,N
1 to 3,20,75,9/5/17,F,9/21/17,0.3504,16,NA,NA,N
1 to 3,21,8,9/6/17,F,9/21/17,0.4964,16,NA,NA,N
1 to 3,21,11,9/6/17,F,9/21/17,0.4731,16,NA,NA,N
1 to 3,25,5,10/25/17,F,11/9/17,0.3391,16,11/21/17,27,N
1 to 3,25,64,10/25/17,F,11/9/17,0.3406,16,11/19/17,25,N
1 to 3,28,66,11/27/17,F,12/13/17,0.3725,16,NA,NA,N
1 to 3,29,14,12/4/17,F,12/20/17,0.2867,16,NA,NA,N
1 to 3,11,7,8/7/17,F,8/21/17,0.2943,15,8/31/17,24,N
1 to 3,11,11,8/7/17,F,8/21/17,0.2681,15,9/1/17,25,N
1 to 3,11,17,8/7/17,F,8/21/17,0.3508,15,9/1/17,25,N
1 to 3,11,18,8/7/17,F,8/21/17,0.3217,15,8/31/17,24,N
1 to 3,11,23,8/7/17,F,8/21/17,0.3849,15,8/30/17,23,N
1 to 3,11,27,8/7/17,F,8/21/17,0.3318,15,9/1/17,25,N
1 to 3,11,47,8/7/17,F,8/21/17,0.3166,15,9/1/17,25,N
1 to 3,20,31,9/5/17,F,9/20/17,0.3543,15,9/29/17,24,N
1 to 3,20,63,9/5/17,F,9/20/17,0.4136,15,9/29/17,24,N
1 to 3,20,74,9/5/17,F,9/20/17,0.3421,15,9/29/17,24,N
1 to 3,21,3,9/6/17,F,9/20/17,0.3542,15,NA,NA,N
1 to 3,21,5,9/6/17,F,9/20/17,0.4365,15,NA,NA,N
1 to 3,21,6,9/6/17,F,9/20/17,0.3846,15,NA,NA,N
1 to 3,21,9,9/6/17,F,9/20/17,0.3714,15,NA,NA,N
1 to 3,21,13,9/6/17,F,9/20/17,0.3181,15,NA,NA,N
1 to 3,21,15,9/6/17,F,9/20/17,0.3475,15,NA,NA,N
1 to 3,21,18,9/6/17,F,9/20/17,0.3471,15,NA,NA,N
1 to 3,21,19,9/6/17,F,9/20/17,0.3994,15,NA,NA,N
1 to 3,25,4,10/25/17,F,11/8/17,0.391,15,11/17/17,23,N
1 to 3,25,7,10/25/17,F,11/8/17,0.3821,15,11/17/17,23,N
1 to 3,25,10,10/25/17,F,11/8/17,0.3721,15,11/17/17,23,N
1 to 3,25,12,10/25/17,F,11/8/17,0.3505,15,11/17/17,23,N
1 to 3,25,14,10/25/17,F,11/8/17,0.3947,15,11/20/17,26,N
1 to 3,25,16,10/25/17,F,11/8/17,0.3501,15,11/18/17,24,N
1 to 3,25,18,10/25/17,F,11/8/17,0.3667,15,11/19/17,25,N
1 to 3,25,19,10/25/17,F,11/8/17,0.3725,15,11/19/17,25,N
1 to 3,25,23,10/25/17,F,11/8/17,0.378,15,11/19/17,25,N
1 to 3,25,28,10/25/17,F,11/8/17,0.3666,15,11/20/17,26,N
1 to 3,25,33,10/25/17,F,11/8/17,0.3975,15,11/19/17,25,N
1 to 3,25,36,10/25/17,F,11/8/17,0.3711,15,11/20/17,26,N
1 to 3,25,39,10/25/17,F,11/8/17,0.3369,15,11/18/17,24,N
1 to 3,25,42,10/25/17,F,11/8/17,0.3133,15,11/19/17,25,N
1 to 3,25,45,10/25/17,F,11/8/17,0.3439,15,11/19/17,25,N
1 to 3,25,48,10/25/17,F,11/8/17,0.3491,15,11/17/17,23,N
1 to 3,25,61,10/25/17,F,11/8/17,0.353,15,DEAD,NA,N
1 to 3,26,9,10/30/17,F,11/13/17,0.4888,15,11/22/17,23,N
1 to 3,26,33,10/30/17,F,11/13/17,0.3356,15,11/22/17,23,N
1 to 3,26,34,10/30/17,F,11/13/17,0.3839,15,11/21/17,22,N
1 to 3,26,41,10/30/17,F,11/13/17,0.3406,15,11/22/17,23,N
1 to 3,26,43,10/30/17,F,11/13/17,0.2915,15,11/21/17,22,N
1 to 3,26,51,10/30/17,F,11/13/17,0.3268,15,11/22/17,23,N
1 to 3,26,54,10/30/17,F,11/13/17,NA,15,11/20/17,21,N
1 to 3,26,57,10/30/17,F,11/13/17,0.3354,15,11/21/17,22,N
1 to 3,28,12,11/27/17,F,12/12/17,0.3315,15,NA,NA,N
1 to 3,28,14,11/27/17,F,12/12/17,0.35,15,NA,NA,N
1 to 3,28,20,11/27/17,F,12/12/17,0.37,15,NA,NA,N
1 to 3,28,29,11/27/17,F,12/12/17,0.3871,15,NA,NA,N
1 to 3,28,34,11/27/17,F,12/12/17,0.3631,15,12/22/17,25,N
1 to 3,28,42,11/27/17,F,12/12/17,0.4204,15,NA,NA,N
1 to 3,28,73,11/27/17,F,12/12/17,0.373,15,NA,NA,N
1 to 3,29,48,12/4/17,F,12/19/17,0.4116,15,NA,NA,N
1 to 3,10,2,8/3/17,F,8/14/17,0.3763,14,NA,NA,N
1 to 3,10,5,8/3/17,F,8/14/17,0.3652,14,NA,NA,N
1 to 3,10,9,8/3/17,F,8/14/17,0.3634,14,NA,NA,N
1 to 3,10,10,8/3/17,F,8/14/17,0.4026,14,NA,NA,N
1 to 3,10,14,8/3/17,F,8/14/17,0.3556,14,NA,NA,N
1 to 3,10,15,8/3/17,F,8/14/17,0.3635,14,NA,NA,N
1 to 3,10,16,8/3/17,F,8/14/17,0.341,14,NA,NA,N
1 to 3,10,19,8/3/17,F,8/14/17,0.3678,14,NA,NA,N
1 to 3,10,23,8/3/17,F,8/14/17,0.3209,14,NA,NA,N
1 to 3,10,24,8/3/17,F,8/14/17,0.3133,14,NA,NA,N
1 to 3,10,26,8/3/17,F,8/14/17,0.3842,14,NA,NA,N
1 to 3,10,28,8/3/17,F,8/14/17,0.3438,14,NA,NA,N
1 to 3,10,29,8/3/17,F,8/14/17,0.3436,14,NA,NA,N
1 to 3,10,31,8/3/17,F,8/14/17,0.4086,14,NA,NA,N
1 to 3,10,32,8/3/17,F,8/14/17,0.3217,14,NA,NA,N
1 to 3,10,33,8/3/17,F,8/14/17,0.3736,14,NA,NA,N
1 to 3,10,34,8/3/17,F,8/14/17,0.3879,14,NA,NA,N
1 to 3,10,37,8/3/17,F,8/14/17,0.3574,14,NA,NA,N
1 to 3,10,39,8/3/17,F,8/14/17,0.3312,14,NA,NA,N
1 to 3,10,44,8/3/17,F,8/14/17,0.3519,14,NA,NA,N
1 to 3,10,45,8/3/17,F,8/14/17,0.3973,14,NA,NA,N
1 to 3,10,46,8/3/17,F,8/14/17,0.3975,14,NA,NA,N
1 to 3,10,48,8/3/17,F,8/14/17,0.3761,14,NA,NA,N
1 to 3,10,52,8/3/17,F,8/14/17,0.4335,14,NA,NA,N
1 to 3,10,53,8/3/17,F,8/14/17,0.376,14,NA,NA,N
1 to 3,10,54,8/3/17,F,8/14/17,0.3552,14,NA,NA,N
1 to 3,10,56,8/3/17,F,8/14/17,0.3462,14,NA,NA,N
1 to 3,10,57,8/3/17,F,8/14/17,0.3449,14,NA,NA,N
1 to 3,10,58,8/3/17,F,8/14/17,0.3294,14,NA,NA,N
1 to 3,10,59,8/3/17,F,8/14/17,0.3436,14,NA,NA,N
1 to 3,10,61,8/3/17,F,8/14/17,0.3441,14,NA,NA,N
1 to 3,10,62,8/3/17,F,8/14/17,0.3137,14,NA,NA,N
1 to 3,10,64,8/3/17,F,8/14/17,0.347,14,NA,NA,N
1 to 3,11,24,8/7/17,F,8/20/17,0.3354,14,8/30/17,23,N
1 to 3,12,8,8/8/17,F,8/21/17,0.3445,14,8/30/17,22,N
1 to 3,12,17,8/8/17,F,8/21/17,0.3159,14,8/30/17,22,N
1 to 3,12,26,8/8/17,F,8/21/17,0.3453,14,8/31/17,23,N
1 to 3,12,50,8/8/17,F,8/21/17,0.36,14,8/31/17,23,N
1 to 3,12,54,8/8/17,F,8/21/17,0.3362,14,8/31/17,23,N
1 to 3,12,57,8/8/17,F,8/21/17,0.3687,14,DEAD,NA,N
1 to 3,14,3,8/14/17,F,8/26/17,0.3557,14,9/2/17,19,N
1 to 3,14,4,8/14/17,F,8/26/17,0.3482,14,9/3/17,20,N
1 to 3,14,6,8/14/17,F,8/26/17,0.356,14,9/2/17,19,N
1 to 3,14,8,8/14/17,F,8/26/17,0.3788,14,9/2/17,19,N
1 to 3,14,13,8/14/17,F,8/26/17,0.3718,14,9/4/17,21,N
1 to 3,14,15,8/14/17,F,8/26/17,0.3969,14,9/2/17,19,N
1 to 3,14,16,8/14/17,F,8/26/17,0.4157,14,9/3/17,20,N
1 to 3,14,17,8/14/17,F,8/26/17,0.3883,14,9/3/17,20,N
1 to 3,14,21,8/14/17,F,8/26/17,0.3376,14,9/2/17,19,N
1 to 3,14,22,8/14/17,F,8/26/17,0.3497,14,9/2/17,19,N
1 to 3,14,23,8/14/17,F,8/26/17,0.404,14,9/3/17,20,N
1 to 3,14,24,8/14/17,F,8/26/17,0.3189,14,9/1/17,18,N
1 to 3,14,28,8/14/17,F,8/26/17,0.3729,14,9/2/17,19,N
1 to 3,14,30,8/14/17,F,8/26/17,0.3373,14,9/4/17,21,N
1 to 3,20,1,9/5/17,F,9/19/17,0.4117,14,9/29/17,24,N
1 to 3,20,6,9/5/17,F,9/19/17,0.4429,14,9/29/17,24,N
1 to 3,20,7,9/5/17,F,9/19/17,0.3571,14,9/29/17,24,N
1 to 3,20,16,9/5/17,F,9/19/17,0.383,14,9/29/17,24,N
1 to 3,20,21,9/5/17,F,9/19/17,0.4069,14,9/29/17,24,N
1 to 3,20,35,9/5/17,F,9/19/17,0.3986,14,9/29/17,24,N
1 to 3,20,38,9/5/17,F,9/19/17,0.3454,14,9/29/17,24,N
1 to 3,20,43,9/5/17,F,9/19/17,0.4426,14,9/29/17,24,N
1 to 3,20,57,9/5/17,F,9/19/17,0.351,14,9/29/17,24,N
1 to 3,20,58,9/5/17,F,9/19/17,0.3907,14,9/29/17,24,N
1 to 3,25,3,10/25/17,F,11/7/17,0.353,14,11/17/17,23,N
1 to 3,25,9,10/25/17,F,11/7/17,0.3813,14,11/17/17,23,N
1 to 3,25,15,10/25/17,F,11/7/17,0.363,14,11/19/17,25,N
1 to 3,25,24,10/25/17,F,11/7/17,0.3524,14,11/18/17,24,N
1 to 3,25,44,10/25/17,F,11/7/17,0.4,14,11/19/17,25,N
1 to 3,25,49,10/25/17,F,11/7/17,0.3274,14,11/19/17,25,N
1 to 3,26,2,10/30/17,F,11/12/17,0.4213,14,11/22/17,23,N
1 to 3,26,4,10/30/17,F,11/12/17,0.4161,14,11/22/17,23,N
1 to 3,26,5,10/30/17,F,11/12/17,0.3844,14,11/21/17,22,N
1 to 3,26,6,10/30/17,F,11/12/17,0.3785,14,11/21/17,22,N
1 to 3,26,7,10/30/17,F,11/12/17,0.371,14,11/22/17,23,N
1 to 3,26,8,10/30/17,F,11/12/17,0.4374,14,11/21/17,22,N
1 to 3,26,11,10/30/17,F,11/12/17,0.3741,14,11/22/17,23,N
1 to 3,26,13,10/30/17,F,11/12/17,0.3796,14,11/21/17,22,N
1 to 3,26,14,10/30/17,F,11/12/17,0.3511,14,11/22/17,23,N
1 to 3,26,16,10/30/17,F,11/12/17,0.3933,14,11/22/17,23,N
1 to 3,26,18,10/30/17,F,11/12/17,0.4367,14,11/22/17,23,N
1 to 3,26,20,10/30/17,F,11/12/17,0.3628,14,11/21/17,22,N
1 to 3,26,21,10/30/17,F,11/12/17,0.4367,14,11/22/17,23,N
1 to 3,26,22,10/30/17,F,11/12/17,0.4142,14,11/22/17,23,N
1 to 3,26,26,10/30/17,F,11/12/17,0.3608,14,11/21/17,22,N
1 to 3,26,27,10/30/17,F,11/12/17,0.4061,14,11/21/17,22,N
1 to 3,26,31,10/30/17,F,11/12/17,0.3454,14,11/24/17,25,N
1 to 3,26,36,10/30/17,F,11/12/17,0.3894,14,11/21/17,22,N
1 to 3,26,39,10/30/17,F,11/12/17,0.397,14,11/22/17,23,N
1 to 3,26,42,10/30/17,F,11/12/17,0.3589,14,11/21/17,22,N
1 to 3,26,45,10/30/17,F,11/12/17,0.3857,14,11/24/17,25,N
1 to 3,26,49,10/30/17,F,11/12/17,NA,14,11/20/17,21,N
1 to 3,26,53,10/30/17,F,11/12/17,0.4195,14,11/22/17,23,N
1 to 3,26,59,10/30/17,F,11/12/17,0.3824,14,11/21/17,22,N
1 to 3,26,60,10/30/17,F,11/12/17,NA,14,11/20/17,21,N
1 to 3,28,3,11/27/17,F,12/11/17,0.3453,14,12/22/17,25,N
1 to 3,28,15,11/27/17,F,12/11/17,0.2951,14,12/22/17,25,N
1 to 3,28,21,11/27/17,F,12/11/17,0.3337,14,12/22/17,25,N
1 to 3,28,24,11/27/17,F,12/11/17,0.3562,14,12/22/17,25,N
1 to 3,28,30,11/27/17,F,12/11/17,0.3824,14,12/22/17,25,N
1 to 3,28,31,11/27/17,F,12/11/17,0.3613,14,12/22/17,25,N
1 to 3,28,44,11/27/17,F,12/11/17,0.3412,14,12/22/17,25,N
1 to 3,28,48,11/27/17,F,12/11/17,0.3562,14,12/22/17,25,N
1 to 3,28,54,11/27/17,F,12/11/17,0.3583,14,NA,NA,N
1 to 3,28,72,11/27/17,F,12/11/17,0.3182,14,12/22/17,25,N
1 to 3,29,47,12/4/17,F,12/18/17,0.3882,14,NA,NA,N
1 to 3,29,63,12/4/17,F,12/18/17,0.4099,14,NA,NA,N
1 to 3,12,21,8/14/17,F,8/27/17,0.3033,13,9/7/17,24,N
1 to 3,12,23,8/14/17,F,8/27/17,0.3703,13,9/7/17,24,N
1 to 3,12,25,8/14/17,F,8/27/17,0.3785,13,9/6/17,23,N
1 to 3,12,43,8/14/17,F,8/27/17,0.3368,13,9/7/17,24,N
1 to 3,15,6,8/14/17,F,8/27/17,0.3515,13,9/6/17,23,N
1 to 3,15,12,8/14/17,F,8/27/17,0.2636,13,9/6/17,23,N
1 to 3,15,32,8/14/17,F,8/27/17,0.3683,13,9/6/17,23,N
1 to 3,11,2,8/7/17,F,8/19/17,0.3932,13,8/29/17,22,N
1 to 3,11,6,8/7/17,F,8/19/17,0.3293,13,8/29/17,22,N
1 to 3,11,10,8/7/17,F,8/19/17,0.3438,13,8/28/17,21,N
1 to 3,11,13,8/7/17,F,8/19/17,0.3609,13,8/28/17,21,N
1 to 3,11,14,8/7/17,F,8/19/17,0.3475,13,8/29/17,22,N
1 to 3,11,16,8/7/17,F,8/19/17,0.3447,13,8/29/17,22,N
1 to 3,11,21,8/7/17,F,8/19/17,0.34,13,8/28/17,21,N
1 to 3,11,31,8/7/17,F,8/19/17,0.3491,13,8/29/17,22,N
1 to 3,11,32,8/7/17,F,8/19/17,0.311,13,8/28/17,21,N
1 to 3,11,33,8/7/17,F,8/19/17,0.3172,13,8/28/17,21,N
1 to 3,11,37,8/7/17,F,8/19/17,0.4365,13,8/28/17,21,N
1 to 3,11,41,8/7/17,F,8/19/17,0.2859,13,8/30/17,23,N
1 to 3,11,45,8/7/17,F,8/19/17,0.3182,13,8/28/17,21,N
1 to 3,11,49,8/7/17,F,8/19/17,0.2821,13,8/31/17,24,N
1 to 3,11,50,8/7/17,F,8/19/17,0.3521,13,8/28/17,21,N
1 to 3,11,52,8/7/17,F,8/19/17,0.3468,13,8/30/17,23,N
1 to 3,11,53,8/7/17,F,8/19/17,0.3354,13,8/28/17,21,N
1 to 3,11,54,8/7/17,F,8/19/17,0.3198,13,8/28/17,21,N
1 to 3,11,57,8/7/17,F,8/19/17,0.3514,13,8/28/17,21,N
1 to 3,11,60,8/7/17,F,8/19/17,0.3659,13,8/31/17,24,N
1 to 3,11,61,8/7/17,F,8/19/17,0.3722,13,8/28/17,21,N
1 to 3,12,6,8/8/17,F,8/20/17,0.3609,13,8/31/17,23,N
1 to 3,12,12,8/8/17,F,8/20/17,0.4299,13,8/31/17,23,N
1 to 3,12,19,8/8/17,F,8/20/17,0.4282,13,8/30/17,22,N
1 to 3,12,30,8/8/17,F,8/20/17,0.438,13,8/29/17,21,N
1 to 3,12,32,8/8/17,F,8/20/17,0.3913,13,8/30/17,22,N
1 to 3,12,34,8/8/17,F,8/20/17,0.3854,13,8/30/17,22,N
1 to 3,12,36,8/8/17,F,8/20/17,0.3931,13,8/31/17,23,N
1 to 3,12,63,8/8/17,F,8/20/17,0.3043,13,8/30/17,22,N
1 to 3,20,2,9/5/17,F,9/18/17,0.4348,13,9/29/17,24,N
1 to 3,20,9,9/5/17,F,9/18/17,0.4258,13,9/29/17,24,N
1 to 3,20,12,9/5/17,F,9/18/17,0.3719,13,9/29/17,24,N
1 to 3,20,28,9/5/17,F,9/18/17,0.3832,13,9/29/17,24,N
1 to 3,20,37,9/5/17,F,9/18/17,0.401,13,9/29/17,24,N
1 to 3,20,42,9/5/17,F,9/18/17,0.4196,13,9/29/17,24,N
1 to 3,20,47,9/5/17,F,9/18/17,DEAD,13,DEAD ,NA,N
1 to 3,20,54,9/5/17,F,9/18/17,0.3821,13,9/29/17,24,N
1 to 3,20,60,9/5/17,F,9/18/17,0.4177,13,9/29/17,24,N
1 to 3,24,8,10/11/17,F,10/24/17,0.3692,13,NA,NA,N
1 to 3,24,32,10/11/17,F,10/24/17,0.3964,13,NA,NA,N
1 to 3,24,43,10/11/17,F,10/24/17,0.4825,13,NA,NA,N
1 to 3,24,47,10/11/17,F,10/24/17,0.41,13,NA,NA,N
1 to 3,24,48,10/11/17,F,10/24/17,0.4006,13,NA,NA,N
1 to 3,24,52,10/11/17,F,10/24/17,0.3232,13,NA,NA,N
1 to 3,24,53,10/11/17,F,10/24/17,0.4191,13,NA,NA,N
1 to 3,24,59,10/11/17,F,10/24/17,0.3914,13,NA,NA,N
1 to 3,25,6,10/25/17,F,11/6/17,0.3496,13,11/18/17,24,N
1 to 3,25,32,10/25/17,F,11/6/17,0.3863,13,11/18/17,24,N
1 to 3,25,54,10/25/17,F,11/6/17,0.4082,13,11/18/17,24,N
1 to 3,25,62,10/25/17,F,11/6/17,0.3248,13,11/18/17,24,N
1 to 3,25,63,10/25/17,F,11/6/17,0.3483,13,11/17/17,23,N
1 to 3,26,17,10/30/17,F,11/11/17,0.3728,13,11/22/17,23,N
1 to 3,27,17,11/13/17,F,11/26/17,0.4071,13,12/6/17,23,N
1 to 3,27,45,11/13/17,F,11/26/17,0.3504,13,12/5/17,22,N
1 to 3,27,60,11/13/17,F,11/26/17,0.334,13,12/5/17,22,N
1 to 3,28,2,11/27/17,F,12/10/17,0.3505,13,12/22/17,25,N
1 to 3,28,7,11/27/17,F,12/10/17,0.3344,13,12/22/17,25,N
1 to 3,28,26,11/27/17,F,12/10/17,0.371,13,12/22/17,25,N
1 to 3,28,32,11/27/17,F,12/10/17,0.3059,13,12/21/17,24,N
1 to 3,28,33,11/27/17,F,12/10/17,0.335,13,12/21/17,24,N
1 to 3,28,43,11/27/17,F,12/10/17,0.3081,13,12/22/17,25,N
1 to 3,28,51,11/27/17,F,12/10/17,0.3754,13,12/22/17,25,N
1 to 3,28,53,11/27/17,F,12/10/17,0.3062,13,12/21/17,24,N
1 to 3,28,64,11/27/17,F,12/10/17,0.3483,13,12/22/17,25,N
1 to 3,28,68,11/27/17,F,12/10/17,0.3478,13,12/22/17,25,N
1 to 3,28,70,11/27/17,F,12/10/17,0.3339,13,12/22/17,25,N
1 to 3,29,3,12/4/17,F,12/17/17,0.4095,13,NA,NA,N
1 to 3,29,6,12/4/17,F,12/17/17,0.3494,13,NA,NA,N
1 to 3,29,7,12/4/17,F,12/17/17,0.3827,13,NA,NA,N
1 to 3,29,11,12/4/17,F,12/17/17,0.3886,13,NA,NA,N
1 to 3,29,12,12/4/17,F,12/17/17,0.3392,13,NA,NA,N
1 to 3,29,17,12/4/17,F,12/17/17,0.398,13,NA,NA,N
1 to 3,29,19,12/4/17,F,12/17/17,0.3911,13,NA,NA,N
1 to 3,29,22,12/4/17,F,12/17/17,0.3898,13,NA,NA,N
1 to 3,29,23,12/4/17,F,12/17/17,0.3735,13,NA,NA,N
1 to 3,29,29,12/4/17,F,12/17/17,0.3307,13,NA,NA,N
1 to 3,29,35,12/4/17,F,12/17/17,0.3837,13,NA,NA,N
1 to 3,29,38,12/4/17,F,12/17/17,0.3691,13,NA,NA,N
1 to 3,29,52,12/4/17,F,12/17/17,0.3966,13,NA,NA,N
1 to 3,29,53,12/4/17,F,12/17/17,0.364,13,NA,NA,N
1 to 3,29,56,12/4/17,F,12/17/17,0.3697,13,NA,NA,N
1 to 3,30,5,12/1/17,F,12/14/17,0.354,13,NA,NA,N
1 to 3,33,12,2/20/18,F,3/5/18,0.3245,13,NA,NA,N
1 to 3,33,14,2/20/18,F,3/5/18,0.421,13,NA,NA,N
1 to 3,33,18,2/20/18,F,3/5/18,0.3086,13,NA,NA,N
1 to 3,33,21,2/20/18,F,3/5/18,0.3214,13,NA,NA,N
1 to 3,33,22,2/20/18,F,3/5/18,0.3074,13,NA,NA,N
1 to 3,33,26,2/20/18,F,3/5/18,0.3673,13,NA,NA,N
1 to 3,33,28,2/20/18,F,3/5/18,0.325,13,NA,NA,N
1 to 3,101,38,6/26/19,F,7/9/19,0.2804,13,NA,NA,N
1 to 3,11,7,8/11/17,F,8/23/17,0.3818,12,NA,NA,N
1 to 3,11,8,8/11/17,F,8/23/17,0.3941,12,NA,NA,N
1 to 3,11,9,8/11/17,F,8/23/17,0.3719,12,NA,NA,N
1 to 3,11,12,8/11/17,F,8/23/17,0.4168,12,NA,NA,N
1 to 3,11,14,8/11/17,F,8/23/17,0.3835,12,NA,NA,N
1 to 3,11,15,8/11/17,F,8/23/17,0.3869,12,NA,NA,N
1 to 3,11,19,8/11/17,F,8/23/17,0.3864,12,NA,NA,N
1 to 3,11,20,8/11/17,F,8/23/17,0.3998,12,NA,NA,N
1 to 3,11,21,8/11/17,F,8/23/17,0.3639,12,NA,NA,N
1 to 3,11,22,8/11/17,F,8/23/17,0.3438,12,NA,NA,N
1 to 3,11,24,8/11/17,F,8/23/17,0.3802,12,NA,NA,N
1 to 3,11,25,8/11/17,F,8/23/17,0.3948,12,NA,NA,N
1 to 3,11,31,8/11/17,F,8/23/17,0.3469,12,NA,NA,N
1 to 3,12,1,8/14/17,F,8/26/17,0.354,12,9/6/17,23,N
1 to 3,12,3,8/14/17,F,8/26/17,0.3466,12,9/5/17,22,N
1 to 3,12,7,8/14/17,F,8/26/17,0.3507,12,9/5/17,22,N
1 to 3,12,9,8/14/17,F,8/26/17,0.3397,12,9/5/17,22,N
1 to 3,12,10,8/14/17,F,8/26/17,0.3829,12,9/6/17,23,N
1 to 3,12,11,8/14/17,F,8/26/17,0.3821,12,9/5/17,22,N
1 to 3,12,13,8/14/17,F,8/26/17,0.3746,12,9/6/17,23,N
1 to 3,12,14,8/14/17,F,8/26/17,0.394,12,9/6/17,23,N
1 to 3,12,16,8/14/17,F,8/26/17,0.3693,12,9/5/17,22,N
1 to 3,12,19,8/14/17,F,8/26/17,0.3294,12,9/4/17,21,N
1 to 3,12,20,8/14/17,F,8/26/17,0.3515,12,9/5/17,22,N
1 to 3,12,24,8/14/17,F,8/26/17,0.3398,12,9/5/17,22,N
1 to 3,12,33,8/14/17,F,8/26/17,0.3946,12,9/6/17,23,N
1 to 3,12,36,8/14/17,F,8/26/17,0.3372,12,9/6/17,23,N
1 to 3,12,37,8/14/17,F,8/26/17,0.306,12,9/6/17,23,N
1 to 3,12,40,8/14/17,F,8/26/17,0.3268,12,9/6/17,23,N
1 to 3,12,41,8/14/17,F,8/26/17,0.3699,12,9/6/17,23,N
1 to 3,12,42,8/14/17,F,8/26/17,0.3168,12,9/6/17,23,N
1 to 3,12,44,8/14/17,F,8/26/17,0.3566,12,9/6/17,23,N
1 to 3,12,45,8/14/17,F,8/26/17,0.35,12,9/6/17,23,N
1 to 3,12,46,8/14/17,F,8/26/17,0.351,12,9/6/17,23,N
1 to 3,12,47,8/14/17,F,8/26/17,0.349,12,9/6/17,23,N
1 to 3,12,48,8/14/17,F,8/26/17,0.3513,12,9/6/17,23,N
1 to 3,12,49,8/14/17,F,8/26/17,0.3209,12,9/5/17,22,N
1 to 3,12,50,8/14/17,F,8/26/17,0.3316,12,9/6/17,23,N
1 to 3,12,52,8/14/17,F,8/26/17,0.3193,12,9/6/17,23,N
1 to 3,12,53,8/14/17,F,8/26/17,0.3244,12,9/6/17,23,N
1 to 3,12,58,8/14/17,F,8/26/17,0.386,12,9/6/17,23,N
1 to 3,12,61,8/14/17,F,8/26/17,0.3517,12,9/6/17,23,N
1 to 3,14,1,8/10/17,F,8/22/17,0.3185,12,NA,NA,N
1 to 3,14,3,8/10/17,F,8/22/17,0.3773,12,NA,NA,N
1 to 3,14,7,8/10/17,F,8/22/17,0.3315,12,NA,NA,N
1 to 3,14,12,8/10/17,F,8/22/17,0.3187,12,NA,NA,N
1 to 3,14,13,8/10/17,F,8/22/17,0.3431,12,NA,NA,N
1 to 3,14,14,8/10/17,F,8/22/17,0.3233,12,NA,NA,N
1 to 3,14,34,8/10/17,F,8/22/17,0.3362,12,NA,NA,N
1 to 3,14,37,8/10/17,F,8/22/17,0.3275,12,NA,NA,N
1 to 3,14,50,8/10/17,F,8/22/17,0.3426,12,NA,NA,N
1 to 3,14,61,8/10/17,F,8/22/17,0.332,12,NA,NA,N
1 to 3,14,76,8/10/17,F,8/22/17,0.2869,12,NA,NA,N
1 to 3,14,80,8/10/17,F,8/22/17,0.329,12,NA,NA,N
1 to 3,14,86,8/10/17,F,8/22/17,0.3558,12,NA,NA,N
1 to 3,14,91,8/10/17,F,8/22/17,0.3329,12,NA,NA,N
1 to 3,15,1,8/14/17,F,8/26/17,0.3607,12,9/4/17,21,N
1 to 3,15,13,8/14/17,F,8/26/17,0.3348,12,9/5/17,22,N
1 to 3,15,16,8/14/17,F,8/26/17,0.3307,12,9/5/17,22,N
1 to 3,15,17,8/14/17,F,8/26/17,0.3257,12,9/4/17,21,N
1 to 3,15,20,8/14/17,F,8/26/17,0.3414,12,9/4/17,21,N
1 to 3,15,24,8/14/17,F,8/26/17,0.3445,12,9/5/17,22,N
1 to 3,15,27,8/14/17,F,8/26/17,0.3709,12,9/3/17,20,N
1 to 3,15,29,8/14/17,F,8/26/17,0.3447,12,9/5/17,22,N
1 to 3,15,30,8/14/17,F,8/26/17,0.3127,12,9/5/17,22,N
1 to 3,15,31,8/14/17,F,8/26/17,0.3186,12,9/5/17,22,N
1 to 3,15,33,8/14/17,F,8/26/17,0.4034,12,9/6/17,23,N
1 to 3,15,35,8/14/17,F,8/26/17,0.3519,12,9/6/17,23,N
1 to 3,15,42,8/14/17,F,8/26/17,0.3814,12,9/5/17,22,N
1 to 3,15,43,8/14/17,F,8/26/17,0.3092,12,9/6/17,23,N
1 to 3,15,45,8/14/17,F,8/26/17,0.3712,12,9/6/17,23,N
1 to 3,15,47,8/14/17,F,8/26/17,0.4023,12,9/6/17,23,N
1 to 3,15,49,8/14/17,F,8/26/17,0.3681,12,9/6/17,23,N
1 to 3,15,50,8/14/17,F,8/26/17,0.3744,12,9/3/17,20,N
1 to 3,15,54,8/14/17,F,8/26/17,0.3693,12,9/5/17,22,N
1 to 3,15,55,8/14/17,F,8/26/17,0.3627,12,9/5/17,22,N
1 to 3,15,59,8/14/17,F,8/26/17,0.3832,12,9/5/17,22,N
1 to 3,15,61,8/14/17,F,8/26/17,0.3802,12,9/5/17,22,N
1 to 3,1,1,5/2/17,F,5/13/17,0.3684,12,NA,NA,N
1 to 3,1,2,5/2/17,F,5/13/17,0.3505,12,NA,NA,N
1 to 3,1,3,5/2/17,F,5/13/17,0.3469,12,NA,NA,N
1 to 3,1,4,5/2/17,F,5/13/17,0.368,12,NA,NA,N
1 to 3,1,5,5/2/17,F,5/13/17,0.3661,12,NA,NA,N
1 to 3,1,6,5/2/17,F,5/13/17,0.2954,12,NA,NA,N
1 to 3,1,10,5/2/17,F,5/13/17,0.3458,12,NA,NA,N
1 to 3,1,11,5/2/17,F,5/13/17,0.3659,12,NA,NA,N
1 to 3,1,17,5/2/17,F,5/13/17,0.3299,12,NA,NA,N
1 to 3,1,18,5/2/17,F,5/13/17,0.3486,12,NA,NA,N
1 to 3,1,20,5/2/17,F,5/13/17,0.3409,12,NA,NA,N
1 to 3,1,25,5/2/17,F,5/13/17,0.3303,12,NA,NA,N
1 to 3,1,26,5/2/17,F,5/13/17,0.3146,12,NA,NA,N
1 to 3,1,27,5/2/17,F,5/13/17,0.2974,12,NA,NA,N
1 to 3,1,29,5/2/17,F,5/13/17,0.3026,12,NA,NA,N
1 to 3,1,31,5/2/17,F,5/13/17,0.3302,12,NA,NA,N
1 to 3,1,33,5/2/17,F,5/13/17,0.3536,12,NA,NA,N
1 to 3,1,34,5/2/17,F,5/13/17,0.3613,12,NA,NA,N
1 to 3,1,35,5/2/17,F,5/13/17,0.3055,12,NA,NA,N
1 to 3,1,36,5/2/17,F,5/13/17,0.3309,12,NA,NA,N
1 to 3,1,37,5/2/17,F,5/13/17,0.3612,12,NA,NA,N
1 to 3,1,38,5/2/17,F,5/13/17,0.3154,12,NA,NA,N
1 to 3,1,42,5/2/17,F,5/13/17,0.2936,12,NA,NA,N
1 to 3,1,43,5/2/17,F,5/13/17,0.3371,12,NA,NA,N
1 to 3,1,45,5/2/17,F,5/13/17,0.3292,12,NA,NA,N
1 to 3,1,46,5/2/17,F,5/13/17,0.3095,12,NA,NA,N
1 to 3,1,50,5/2/17,F,5/13/17,0.344,12,NA,NA,N
1 to 3,1,51,5/2/17,F,5/13/17,0.3912,12,NA,NA,N
1 to 3,1,55,5/2/17,F,5/13/17,0.3214,12,NA,NA,N
1 to 3,1,58,5/2/17,F,5/13/17,0.3064,12,NA,NA,N
1 to 3,1,62,5/2/17,F,5/13/17,0.4009,12,NA,NA,N
1 to 3,1,63,5/2/17,F,5/13/17,0.3676,12,NA,NA,N
1 to 3,12,1,8/8/17,F,8/19/17,0.4217,12,8/30/17,22,N
1 to 3,12,3,8/8/17,F,8/19/17,0.3977,12,8/30/17,22,N
1 to 3,12,10,8/8/17,F,8/19/17,0.3811,12,8/30/17,22,N
1 to 3,12,18,8/8/17,F,8/19/17,0.3655,12,8/30/17,22,N
1 to 3,12,31,8/8/17,F,8/19/17,0.3498,12,8/30/17,22,N
1 to 3,12,33,8/8/17,F,8/19/17,0.3118,12,8/30/17,22,N
1 to 3,12,35,8/8/17,F,8/19/17,0.3768,12,8/30/17,22,N
1 to 3,12,37,8/8/17,F,8/19/17,0.3669,12,8/30/17,22,N
1 to 3,12,38,8/8/17,F,8/19/17,0.3549,12,8/30/17,22,N
1 to 3,12,39,8/8/17,F,8/19/17,0.3841,12,8/30/17,22,N
1 to 3,12,55,8/8/17,F,8/19/17,0.3326,12,8/30/17,22,N
1 to 3,12,56,8/8/17,F,8/19/17,0.4067,12,8/30/17,22,N
1 to 3,13,2,8/14/17,F,8/24/17,0.3339,12,9/2/17,19,N
1 to 3,13,6,8/14/17,F,8/24/17,0.3797,12,9/3/17,20,N
1 to 3,13,8,8/14/17,F,8/24/17,0.3413,12,9/3/17,20,N
1 to 3,13,10,8/14/17,F,8/24/17,0.4143,12,9/2/17,19,N
1 to 3,13,14,8/14/17,F,8/24/17,0.3436,12,9/3/17,20,N
1 to 3,15,33,8/18/17,F,8/30/17,0.3634,12,NA,NA,N
1 to 3,20,4,9/5/17,F,9/17/17,0.4482,12,9/29/17,24,N
1 to 3,20,15,9/5/17,F,9/17/17,0.3593,12,9/29/17,24,N
1 to 3,20,22,9/5/17,F,9/17/17,0.3972,12,9/29/17,24,N
1 to 3,20,24,9/5/17,F,9/17/17,0.3803,12,9/29/17,24,N
1 to 3,20,25,9/5/17,F,9/17/17,0.369,12,9/29/17,24,N
1 to 3,20,29,9/5/17,F,9/17/17,0.3102,12,9/29/17,24,N
1 to 3,20,30,9/5/17,F,9/17/17,0.3956,12,9/29/17,24,N
1 to 3,20,32,9/5/17,F,9/17/17,0.3754,12,9/29/17,24,N
1 to 3,20,36,9/5/17,F,9/17/17,0.4125,12,9/29/17,24,N
1 to 3,20,45,9/5/17,F,9/17/17,0.3925,12,9/29/17,24,N
1 to 3,20,48,9/5/17,F,9/17/17,0.4618,12,9/29/17,24,N
1 to 3,20,52,9/5/17,F,9/17/17,0.4256,12,9/29/17,24,N
1 to 3,20,59,9/5/17,F,9/17/17,0.3173,12,9/29/17,24,N
1 to 3,20,61,9/5/17,F,9/17/17,0.3911,12,9/29/17,24,N
1 to 3,20,62,9/5/17,F,9/17/17,0.3655,12,9/29/17,24,N
1 to 3,20,64,9/5/17,F,9/17/17,0.3715,12,9/29/17,24,N
1 to 3,20,66,9/5/17,F,9/17/17,0.422,12,9/29/17,24,N
1 to 3,20,70,9/5/17,F,9/17/17,0.3641,12,9/29/17,24,N
1 to 3,20,72,9/5/17,F,9/17/17,0.3554,12,9/29/17,24,N
1 to 3,20,76,9/5/17,F,9/17/17,0.3555,12,9/29/17,24,N
1 to 3,24,1,10/11/17,F,10/23/17,0.3816,12,NA,NA,N
1 to 3,24,3,10/11/17,F,10/23/17,0.3751,12,NA,NA,N
1 to 3,24,6,10/11/17,F,10/23/17,0.3891,12,NA,NA,N
1 to 3,24,9,10/11/17,F,10/23/17,0.4509,12,NA,NA,N
1 to 3,24,10,10/11/17,F,10/23/17,0.356,12,NA,NA,N
1 to 3,24,11,10/11/17,F,10/23/17,0.3773,12,NA,NA,N
1 to 3,24,12,10/11/17,F,10/23/17,0.4161,12,NA,NA,N
1 to 3,24,14,10/11/17,F,10/23/17,0.4715,12,NA,NA,N
1 to 3,24,18,10/11/17,F,10/23/17,0.3729,12,NA,NA,N
1 to 3,24,19,10/11/17,F,10/23/17,0.3644,12,NA,NA,N
1 to 3,24,20,10/11/17,F,10/23/17,0.4249,12,NA,NA,N
1 to 3,24,23,10/11/17,F,10/23/17,0.3706,12,NA,NA,N
1 to 3,24,24,10/11/17,F,10/23/17,0.3886,12,NA,NA,N
1 to 3,24,26,10/11/17,F,10/23/17,0.3679,12,NA,NA,N
1 to 3,24,27,10/11/17,F,10/23/17,0.3602,12,NA,NA,N
1 to 3,24,34,10/11/17,F,10/23/17,0.3781,12,NA,NA,N
1 to 3,24,35,10/11/17,F,10/23/17,0.4335,12,NA,NA,N
1 to 3,24,36,10/11/17,F,10/23/17,0.397,12,NA,NA,N
1 to 3,24,37,10/11/17,F,10/23/17,0.4067,12,NA,NA,N
1 to 3,24,39,10/11/17,F,10/23/17,0.4244,12,NA,NA,N
1 to 3,24,40,10/11/17,F,10/23/17,0.3555,12,NA,NA,N
1 to 3,24,41,10/11/17,F,10/23/17,0.4348,12,NA,NA,N
1 to 3,24,42,10/11/17,F,10/23/17,0.4469,12,NA,NA,N
1 to 3,24,44,10/11/17,F,10/23/17,0.3801,12,NA,NA,N
1 to 3,24,50,10/11/17,F,10/23/17,0.3829,12,NA,NA,N
1 to 3,24,54,10/11/17,F,10/23/17,0.3425,12,NA,NA,N
1 to 3,24,56,10/11/17,F,10/23/17,0.3444,12,NA,NA,N
1 to 3,24,58,10/11/17,F,10/23/17,0.4272,12,NA,NA,N
1 to 3,24,60,10/11/17,F,10/23/17,0.3814,12,NA,NA,N
1 to 3,24,64,10/11/17,F,10/23/17,0.3917,12,NA,NA,N
1 to 3,27,4,11/13/17,F,11/25/17,0.3841,12,DEAD,DEAD,N
1 to 3,27,6,11/13/17,F,11/25/17,0.3503,12,12/5/17,22,N
1 to 3,27,11,11/13/17,F,11/25/17,0.386,12,12/6/17,23,N
1 to 3,27,12,11/13/17,F,11/25/17,0.3844,12,12/7/17,24,N
1 to 3,27,18,11/13/17,F,11/25/17,0.4122,12,12/6/17,23,N
1 to 3,27,22,11/13/17,F,11/25/17,0.3777,12,12/6/17,23,N
1 to 3,27,23,11/13/17,F,11/25/17,0.4222,12,12/6/17,23,N
1 to 3,27,29,11/13/17,F,11/25/17,0.4146,12,12/6/17,23,N
1 to 3,27,37,11/13/17,F,11/25/17,0.3514,12,12/6/17,23,N
1 to 3,27,38,11/13/17,F,11/25/17,0.3719,12,12/6/17,23,N
1 to 3,27,41,11/13/17,F,11/25/17,0.3399,12,12/7/17,24,N
1 to 3,27,49,11/13/17,F,11/25/17,0.3764,12,12/6/17,23,N
1 to 3,27,50,11/13/17,F,11/25/17,0.423,12,12/6/17,23,N
1 to 3,27,58,11/13/17,F,11/25/17,0.365,12,12/5/17,22,N
1 to 3,27,59,11/13/17,F,11/25/17,0.3577,12,12/5/17,22,N
1 to 3,28,10,11/27/17,F,12/9/17,0.3387,12,12/21/17,24,N
1 to 3,28,27,11/27/17,F,12/9/17,0.3351,12,12/21/17,24,N
1 to 3,28,38,11/27/17,F,12/9/17,0.3536,12,12/21/17,24,N
1 to 3,29,2,12/4/17,F,12/16/17,0.3651,12,NA,NA,N
1 to 3,29,9,12/4/17,F,12/16/17,0.3682,12,NA,NA,N
1 to 3,29,16,12/4/17,F,12/16/17,0.3512,12,NA,NA,N
1 to 3,29,18,12/4/17,F,12/16/17,0.3456,12,NA,NA,N
1 to 3,29,20,12/4/17,F,12/16/17,0.3402,12,NA,NA,N
1 to 3,29,24,12/4/17,F,12/16/17,0.3639,12,NA,NA,N
1 to 3,29,25,12/4/17,F,12/16/17,0.3331,12,NA,NA,N
1 to 3,29,27,12/4/17,F,12/16/17,0.3361,12,NA,NA,N
1 to 3,29,31,12/4/17,F,12/16/17,0.3059,12,NA,NA,N
1 to 3,29,32,12/4/17,F,12/16/17,0.3506,12,NA,NA,N
1 to 3,29,33,12/4/17,F,12/16/17,0.3965,12,NA,NA,N
1 to 3,29,34,12/4/17,F,12/16/17,0.3118,12,NA,NA,N
1 to 3,29,37,12/4/17,F,12/16/17,0.3513,12,NA,NA,N
1 to 3,29,42,12/4/17,F,12/16/17,0.3332,12,NA,NA,N
1 to 3,29,45,12/4/17,F,12/16/17,0.3332,12,NA,NA,N
1 to 3,29,46,12/4/17,F,12/16/17,0.3873,12,NA,NA,N
1 to 3,29,55,12/4/17,F,12/16/17,0.3671,12,NA,NA,N
1 to 3,29,59,12/4/17,F,12/16/17,0.313,12,NA,NA,N
1 to 3,29,61,12/4/17,F,12/16/17,0.3163,12,NA,NA,N
1 to 3,33,1,2/20/18,F,3/4/18,0.3038,12,NA,NA,N
1 to 3,33,7,2/20/18,F,3/4/18,0.3518,12,NA,NA,N
1 to 3,33,10,2/20/18,F,3/4/18,0.3295,12,NA,NA,N
1 to 3,33,13,2/20/18,F,3/4/18,0.3999,12,NA,NA,N
1 to 3,33,15,2/20/18,F,3/4/18,0.354,12,NA,NA,N
1 to 3,11,1,8/11/17,F,8/22/17,0.3038,11,NA,NA,N
1 to 3,11,3,8/11/17,F,8/22/17,0.332,11,NA,NA,N
1 to 3,11,26,8/11/17,F,8/22/17,0.3301,11,NA,NA,N
1 to 3,12,5,8/14/17,F,8/25/17,0.3114,11,9/5/17,22,N
1 to 3,12,17,8/14/17,F,8/25/17,0.3279,11,9/5/17,22,N
1 to 3,12,39,8/14/17,F,8/25/17,0.323,11,9/4/17,21,N
1 to 3,12,59,8/14/17,F,8/25/17,0.3328,11,9/5/17,22,N
1 to 3,14,11,8/10/17,F,8/21/17,0.2804,11,DEAD,NA,N
1 to 3,14,17,8/10/17,F,8/21/17,0.3103,11,NA,NA,N
1 to 3,14,18,8/10/17,F,8/21/17,0.3271,11,NA,NA,N
1 to 3,14,23,8/10/17,F,8/21/17,0.3112,11,NA,NA,N
1 to 3,14,30,8/10/17,F,8/21/17,0.3273,11,NA,NA,N
1 to 3,14,35,8/10/17,F,8/21/17,0.3305,11,NA,NA,N
1 to 3,14,42,8/10/17,F,8/21/17,0.3344,11,NA,NA,N
1 to 3,14,46,8/10/17,F,8/21/17,0.3005,11,NA,NA,N
1 to 3,14,52,8/10/17,F,8/21/17,0.3123,11,NA,NA,N
1 to 3,14,56,8/10/17,F,8/21/17,0.3228,11,NA,NA,N
1 to 3,14,57,8/10/17,F,8/21/17,0.3331,11,NA,NA,N
1 to 3,14,59,8/10/17,F,8/21/17,0.3314,11,NA,NA,N
1 to 3,14,68,8/10/17,F,8/21/17,0.3084,11,NA,NA,N
1 to 3,14,74,8/10/17,F,8/21/17,0.316,11,NA,NA,N
1 to 3,14,75,8/10/17,F,8/21/17,0.3492,11,NA,NA,N
1 to 3,14,85,8/10/17,F,8/21/17,0.3115,11,NA,NA,N
1 to 3,14,87,8/10/17,F,8/21/17,0.2981,11,NA,NA,N
1 to 3,14,88,8/10/17,F,8/21/17,0.3445,11,NA,NA,N
1 to 3,14,90,8/10/17,F,8/21/17,0.2822,11,NA,NA,N
1 to 3,14,92,8/10/17,F,8/21/17,0.2916,11,NA,NA,N
1 to 3,15,7,8/14/17,F,8/25/17,0.2792,11,9/5/17,22,N
1 to 3,15,21,8/14/17,F,8/25/17,0.2981,11,9/5/17,22,N
1 to 3,15,37,8/14/17,F,8/25/17,0.2901,11,9/5/17,22,N
1 to 3,15,41,8/14/17,F,8/25/17,0.3196,11,9/5/17,22,N
1 to 3,15,46,8/14/17,F,8/25/17,0.3281,11,9/5/17,22,N
1 to 3,15,51,8/14/17,F,8/25/17,0.3864,11,9/5/17,22,N
1 to 3,15,52,8/14/17,F,8/25/17,0.3303,11,9/5/17,22,N
1 to 3,15,56,8/14/17,F,8/25/17,0.3015,11,9/5/17,22,N
1 to 3,4,3,5/30/17,F,6/10/17,0.3284,11,NA,NA,N
1 to 3,4,4,5/30/17,F,6/10/17,0.3326,11,NA,NA,N
1 to 3,4,7,5/30/17,F,6/10/17,0.3205,11,NA,NA,N
1 to 3,4,10,5/30/17,F,6/10/17,0.3876,11,NA,NA,N
1 to 3,4,11,5/30/17,F,6/10/17,0.3045,11,NA,NA,N
1 to 3,4,13,5/30/17,F,6/10/17,0.3398,11,NA,NA,N
1 to 3,4,14,5/30/17,F,6/10/17,0.3251,11,NA,NA,N
1 to 3,4,16,5/30/17,F,6/10/17,0.3345,11,NA,NA,N
1 to 3,4,18,5/30/17,F,6/10/17,0.3238,11,NA,NA,N
1 to 3,4,19,5/30/17,F,6/10/17,0.313,11,NA,NA,N
1 to 3,4,20,5/30/17,F,6/10/17,0.3666,11,NA,NA,N
1 to 3,4,21,5/30/17,F,6/10/17,0.3601,11,NA,NA,N
1 to 3,4,23,5/30/17,F,6/10/17,0.3223,11,NA,NA,N
1 to 3,4,25,5/30/17,F,6/10/17,0.3236,11,NA,NA,N
1 to 3,4,26,5/30/17,F,6/10/17,0.3551,11,NA,NA,N
1 to 3,4,28,5/30/17,F,6/10/17,0.3508,11,NA,NA,N
1 to 3,4,29,5/30/17,F,6/10/17,0.3426,11,NA,NA,N
1 to 3,4,31,5/30/17,F,6/10/17,0.3369,11,NA,NA,N
1 to 3,13,1,8/14/17,F,8/23/17,0.3369,11,9/1/17,18,N
1 to 3,13,9,8/14/17,F,8/23/17,0.3384,11,9/2/17,19,N
1 to 3,13,16,8/14/17,F,8/23/17,0.3472,11,9/2/17,19,N
1 to 3,13,17,8/14/17,F,8/23/17,0.3118,11,9/1/17,18,N
1 to 3,13,19,8/14/17,F,8/23/17,0.3703,11,9/2/17,19,N
1 to 3,13,21,8/14/17,F,8/23/17,0.3148,11,9/2/17,19,N
1 to 3,14,5,8/14/17,F,8/23/17,0.3715,11,9/3/17,20,N
1 to 3,14,9,8/14/17,F,8/23/17,0.3369,11,9/2/17,19,N
1 to 3,14,10,8/14/17,F,8/23/17,0.3371,11,9/2/17,19,N
1 to 3,14,12,8/14/17,F,8/23/17,0.3167,11,9/2/17,19,N
1 to 3,14,18,8/14/17,F,8/23/17,0.3412,11,9/2/17,19,N
1 to 3,14,20,8/14/17,F,8/23/17,0.3403,11,9/2/17,19,N
1 to 3,14,31,8/14/17,F,8/23/17,0.3371,11,9/2/17,19,N
1 to 3,15,1,8/18/17,F,8/29/17,0.3149,11,NA,NA,N
1 to 3,15,3,8/18/17,F,8/29/17,0.2723,11,NA,NA,N
1 to 3,15,4,8/18/17,F,8/29/17,0.3175,11,NA,NA,N
1 to 3,15,6,8/18/17,F,8/29/17,0.3282,11,NA,NA,N
1 to 3,15,7,8/18/17,F,8/29/17,0.3351,11,NA,NA,N
1 to 3,15,9,8/18/17,F,8/29/17,0.3205,11,NA,NA,N
1 to 3,15,10,8/18/17,F,8/29/17,0.3054,11,NA,NA,N
1 to 3,15,11,8/18/17,F,8/29/17,0.2986,11,NA,NA,N
1 to 3,15,12,8/18/17,F,8/29/17,0.3207,11,NA,NA,N
1 to 3,15,15,8/18/17,F,8/29/17,0.3051,11,NA,NA,N
1 to 3,15,16,8/18/17,F,8/29/17,0.3274,11,NA,NA,N
1 to 3,15,18,8/18/17,F,8/29/17,0.3609,11,NA,NA,N
1 to 3,15,19,8/18/17,F,8/29/17,0.3236,11,NA,NA,N
1 to 3,15,24,8/18/17,F,8/29/17,0.307,11,NA,NA,N
1 to 3,15,25,8/18/17,F,8/29/17,0.354,11,NA,NA,N
1 to 3,15,26,8/18/17,F,8/29/17,0.3183,11,NA,NA,N
1 to 3,15,27,8/18/17,F,8/29/17,0.2776,11,NA,NA,N
1 to 3,15,28,8/18/17,F,8/29/17,0.3114,11,NA,NA,N
1 to 3,15,29,8/18/17,F,8/29/17,0.2821,11,NA,NA,N
1 to 3,15,30,8/18/17,F,8/29/17,0.2897,11,NA,NA,N
1 to 3,15,36,8/18/17,F,8/29/17,0.3684,11,NA,NA,N
1 to 3,15,40,8/18/17,F,8/29/17,0.3056,11,NA,NA,N
1 to 3,15,41,8/18/17,F,8/29/17,0.3213,11,NA,NA,N
1 to 3,15,45,8/18/17,F,8/29/17,0.3193,11,NA,NA,N
1 to 3,15,49,8/18/17,F,8/29/17,0.3343,11,NA,NA,N
1 to 3,15,51,8/18/17,F,8/29/17,0.3042,11,NA,NA,N
1 to 3,15,55,8/18/17,F,8/29/17,0.3362,11,NA,NA,N
1 to 3,15,58,8/18/17,F,8/29/17,0.3008,11,NA,NA,N
1 to 3,15,59,8/18/17,F,8/29/17,0.3339,11,NA,NA,N
1 to 3,15,60,8/18/17,F,8/29/17,0.3275,11,NA,NA,N
1 to 3,27,1,11/13/17,F,11/24/17,0.4002,11,12/6/17,23,N
1 to 3,27,2,11/13/17,F,11/24/17,0.4151,11,12/6/17,23,N
1 to 3,27,5,11/13/17,F,11/24/17,0.4319,11,12/6/17,23,N
1 to 3,27,16,11/13/17,F,11/24/17,0.4112,11,12/7/17,24,N
1 to 3,27,19,11/13/17,F,11/24/17,0.3985,11,12/5/17,22,N
1 to 3,27,24,11/13/17,F,11/24/17,0.4106,11,12/5/17,22,N
1 to 3,27,25,11/13/17,F,11/24/17,0.4137,11,12/6/17,23,N
1 to 3,27,35,11/13/17,F,11/24/17,0.3741,11,12/6/17,23,N
1 to 3,27,42,11/13/17,F,11/24/17,0.3944,11,12/7/17,24,N
1 to 3,101,12,6/26/19,F,7/7/19,0.3115,11,NA,NA,N
1 to 3,101,15,6/26/19,F,7/7/19,0.2954,11,NA,NA,N
1 to 3,101,20,6/26/19,F,7/7/19,0.3249,11,NA,NA,N
1 to 3,101,22,6/26/19,F,7/7/19,0.3385,11,NA,NA,N
1 to 3,101,25,6/26/19,F,7/7/19,0.3308,11,NA,NA,N
1 to 3,101,30,6/26/19,F,7/7/19,0.3115,11,NA,NA,N
1 to 3,101,34,6/26/19,F,7/7/19,0.3562,11,NA,NA,N
1 to 3,101,35,6/26/19,F,7/7/19,0.3626,11,NA,NA,N
1 to 3,101,2,6/25/19,F,7/5/19,0.3274,10,NA,NA,N
1 to 3,101,3,6/25/19,F,7/5/19,0.327,10,NA,NA,N
1 to 3,101,4,6/25/19,F,7/5/19,0.3213,10,NA,NA,N
1 to 3,101,10,6/25/19,F,7/5/19,0.3298,10,NA,NA,N
1 to 3,101,13,6/26/19,F,7/6/19,0.2545,10,NA,NA,N
1 to 3,101,23,6/26/19,F,7/6/19,0.3251,10,NA,NA,N
1 to 3,101,36,6/26/19,F,7/6/19,0.289,10,NA,NA,N
1 to 3,101,9,6/25/19,F,7/4/19,0.3394,9,NA,NA,N
1 to 3,101,11,6/25/19,F,7/4/19,0.3041,9,NA,NA,N
Full Mating Exposure,1,8,10/31/17,F,11/15/17,0.3943,15,11/27/17,27,Y
Full Mating Exposure,1,36,10/31/17,F,11/15/17,0.4057,15,11/26/17,26,Y
Full Mating Exposure,1,38,10/31/17,F,11/15/17,0.3762,15,11/25/17,25,Y
Full Mating Exposure,4,6,11/27/17,F,12/12/17,0.4019,15,NA,NA,Y
Full Mating Exposure,4,9,11/27/17,F,12/12/17,0.3603,15,NA,NA,Y
Full Mating Exposure,4,11,11/27/17,F,12/12/17,0.4264,15,NA,NA,Y
Full Mating Exposure,4,13,11/27/17,F,12/12/17,0.3943,15,NA,NA,Y
Full Mating Exposure,4,15,11/27/17,F,12/12/17,0.3915,15,NA,NA,Y
Full Mating Exposure,4,18,11/27/17,F,12/12/17,0.3645,15,NA,NA,Y
Full Mating Exposure,4,20,11/27/17,F,12/12/17,0.447,15,NA,NA,Y
Full Mating Exposure,1,11,10/31/17,F,11/14/17,0.3882,14,11/26/17,26,Y
Full Mating Exposure,1,12,10/31/17,F,11/14/17,0.4218,14,11/26/17,26,Y
Full Mating Exposure,1,13,10/31/17,F,11/14/17,0.3682,14,11/26/17,26,Y
Full Mating Exposure,1,42,10/31/17,F,11/14/17,0.3811,14,11/26/17,26,Y
Full Mating Exposure,1,50,10/31/17,F,11/14/17,0.3825,14,11/26/17,26,Y
Full Mating Exposure,2,30,11/15/17,F,11/29/17,0.4223,14,12/9/17,24,Y
Full Mating Exposure,2,37,11/15/17,F,11/29/17,0.3692,14,12/9/17,24,Y
Full Mating Exposure,2,56,11/15/17,F,11/29/17,0.4487,14,12/10/17,25,Y
Full Mating Exposure,30,13,5/15/18,F,5/29/18,NA,14,6/3/18,19,Y
Full Mating Exposure,30,16,5/15/18,F,5/29/18,NA,14,6/3/18,19,Y
Full Mating Exposure,1,19,10/31/17,F,11/13/17,0.3585,13,11/24/17,24,Y
Full Mating Exposure,1,41,10/31/17,F,11/13/17,0.3574,13,11/25/17,25,Y
Full Mating Exposure,1,62,10/31/17,F,11/13/17,0.3517,13,11/25/17,25,Y
Full Mating Exposure,2,18,11/15/17,F,11/28/17,0.3714,13,12/8/17,23,Y
Full Mating Exposure,2,33,11/15/17,F,11/28/17,0.4162,13,12/8/17,23,Y
Full Mating Exposure,2,43,11/15/17,F,11/28/17,0.3433,13,12/9/17,24,Y
Full Mating Exposure,2,53,11/15/17,F,11/28/17,0.4037,13,12/9/17,24,Y
Full Mating Exposure,2,59,11/15/17,F,11/28/17,0.3176,13,12/8/17,23,Y
Full Mating Exposure,2,61,11/15/17,F,11/28/17,0.3534,13,12/8/17,23,Y
Full Mating Exposure,2,64,11/15/17,F,11/28/17,0.3686,13,12/8/17,23,Y
Full Mating Exposure,2,69,11/15/17,F,11/28/17,0.3891,13,12/7/17,22,Y
Full Mating Exposure,2,71,11/15/17,F,11/28/17,0.3535,13,12/8/17,23,Y
Full Mating Exposure,4,7,11/27/17,F,12/10/17,0.3276,13,NA,NA,Y
Full Mating Exposure,4,10,11/27/17,F,12/10/17,0.3051,13,NA,NA,Y
Full Mating Exposure,4,12,11/27/17,F,12/10/17,0.3488,13,NA,NA,Y
Full Mating Exposure,4,16,11/27/17,F,12/10/17,0.3797,13,NA,NA,Y
Full Mating Exposure,4,17,11/27/17,F,12/10/17,0.3496,13,NA,NA,Y
Full Mating Exposure,30,1,5/15/18,F,5/28/18,NA,13,6/3/18,19,Y
Full Mating Exposure,30,3,5/15/18,F,5/28/18,NA,13,6/5/18,21,Y
Full Mating Exposure,30,11,5/15/18,F,5/28/18,NA,13,6/5/18,21,Y
Full Mating Exposure,30,15,5/15/18,F,5/28/18,NA,13,6/3/18,19,Y
Full Mating Exposure,1,1,10/31/17,F,11/12/17,0.3608,12,11/25/17,25,Y
Full Mating Exposure,1,15,10/31/17,F,11/12/17,0.4118,12,11/24/17,24,Y
Full Mating Exposure,1,17,10/31/17,F,11/12/17,0.3752,12,11/24/17,24,Y
Full Mating Exposure,1,18,10/31/17,F,11/12/17,0.4022,12,11/24/17,24,Y
Full Mating Exposure,1,20,10/31/17,F,11/12/17,0.3796,12,11/24/17,24,Y
Full Mating Exposure,1,26,10/31/17,F,11/12/17,0.3342,12,11/24/17,24,Y
Full Mating Exposure,1,27,10/31/17,F,11/12/17,0.3489,12,11/24/17,24,Y
Full Mating Exposure,1,28,10/31/17,F,11/12/17,0.4212,12,11/24/17,24,Y
Full Mating Exposure,1,30,10/31/17,F,11/12/17,0.4075,12,11/24/17,24,Y
Full Mating Exposure,1,34,10/31/17,F,11/12/17,0.3665,12,11/25/17,25,Y
Full Mating Exposure,1,43,10/31/17,F,11/12/17,0.3712,12,11/24/17,24,Y
Full Mating Exposure,1,44,10/31/17,F,11/12/17,0.3435,12,11/24/17,24,Y
Full Mating Exposure,1,45,10/31/17,F,11/12/17,0.35,12,11/24/17,24,Y
Full Mating Exposure,1,47,10/31/17,F,11/12/17,0.3394,12,11/24/17,24,Y
Full Mating Exposure,1,53,10/31/17,F,11/12/17,0.3207,12,11/25/17,25,Y
Full Mating Exposure,1,54,10/31/17,F,11/12/17,0.4056,12,11/24/17,24,Y
Full Mating Exposure,1,60,10/31/17,F,11/12/17,0.4059,12,11/24/17,24,Y
Full Mating Exposure,2,10,11/13/17,F,11/25/17,0.4014,12,12/7/17,24,Y
Full Mating Exposure,2,11,11/13/17,F,11/25/17,0.3776,12,12/6/17,23,Y
Full Mating Exposure,2,17,11/15/17,F,11/27/17,0.348,12,12/8/17,23,Y
Full Mating Exposure,2,19,11/15/17,F,11/27/17,0.4033,12,12/8/17,23,Y
Full Mating Exposure,2,21,11/15/17,F,11/27/17,0.4133,12,12/9/17,24,Y
Full Mating Exposure,2,44,11/15/17,F,11/27/17,0.3754,12,12/8/17,23,Y
Full Mating Exposure,2,46,11/15/17,F,11/27/17,0.397,12,12/8/17,23,Y
Full Mating Exposure,2,48,11/15/17,F,11/27/17,0.3851,12,12/8/17,23,Y
Full Mating Exposure,2,52,11/15/17,F,11/27/17,0.3868,12,12/8/17,23,Y
Full Mating Exposure,2,68,11/15/17,F,11/27/17,0.4055,12,12/8/17,23,Y
Full Mating Exposure,11,11,4/11/18,F,4/23/18,NA,12,5/1/18,20,Y
Full Mating Exposure,11,20,4/11/18,F,4/23/18,NA,12,5/1/18,20,Y
Full Mating Exposure,11,35,4/11/18,F,4/23/18,NA,12,5/1/18,20,Y
Full Mating Exposure,11,38,4/11/18,F,4/23/18,NA,12,5/2/18,21,Y
Full Mating Exposure,11,42,4/11/18,F,4/23/18,NA,12,5/2/18,21,Y
Full Mating Exposure,11,44,4/11/18,F,4/23/18,NA,12,5/2/18,21,Y
Full Mating Exposure,11,46,4/11/18,F,4/23/18,NA,12,5/2/18,21,Y
Full Mating Exposure,30,7,5/15/18,F,5/27/18,NA,12,6/2/18,18,Y
Full Mating Exposure,30,10,5/15/18,F,5/27/18,NA,12,6/4/18,20,Y
Full Mating Exposure,1,3,10/31/17,F,11/11/17,0.3928,11,11/23/17,23,Y
Full Mating Exposure,1,56,10/31/17,F,11/11/17,0.394,11,11/24/17,24,Y
Full Mating Exposure,2,6,11/13/17,F,11/24/17,0.4178,11,12/7/17,24,Y
Full Mating Exposure,2,7,11/13/17,F,11/24/17,0.3832,11,12/5/17,22,Y
Full Mating Exposure,2,14,11/13/17,F,11/24/17,0.3414,11,12/6/17,23,Y
Full Mating Exposure,2,41,11/15/17,F,11/26/17,0.4035,11,12/7/17,22,Y
Full Mating Exposure,2,47,11/15/17,F,11/26/17,0.4606,11,12/7/17,22,Y
Full Mating Exposure,2,57,11/15/17,F,11/26/17,0.3671,11,12/8/17,23,Y
Full Mating Exposure,2,62,11/15/17,F,11/26/17,0.4178,11,12/8/17,23,Y
Full Mating Exposure,11,16,4/11/18,F,4/22/18,NA,11,5/2/18,21,Y
Full Mating Exposure,11,17,4/11/18,F,4/22/18,NA,11,5/1/18,20,Y
Full Mating Exposure,11,18,4/11/18,F,4/22/18,NA,11,5/2/18,21,Y
Full Mating Exposure,11,19,4/11/18,F,4/22/18,NA,11,5/1/18,20,Y
Full Mating Exposure,11,25,4/11/18,F,4/22/18,NA,11,5/1/18,20,Y
Full Mating Exposure,11,30,4/11/18,F,4/22/18,NA,11,5/1/18,20,Y
Full Mating Exposure,11,34,4/11/18,F,4/22/18,NA,11,5/2/18,21,Y
Full Mating Exposure,11,48,4/11/18,F,4/22/18,NA,11,5/1/18,20,Y
Full Mating Exposure,2,28,11/15/17,F,11/25/17,0.3882,10,12/7/17,22,Y
Full Mating Exposure,2,32,11/15/17,F,11/25/17,0.3682,10,12/7/17,22,Y
Full Mating Exposure,2,49,11/15/17,F,11/25/17,0.4074,10,12/7/17,22,Y
Full Mating Exposure,2,73,11/15/17,F,11/25/17,0.4053,10,12/6/17,21,Y
Full Mating Exposure,11,28,4/11/18,F,4/21/18,NA,10,5/1/18,20,Y
Over Exp,12,43,4/11/18,F,4/26/18,NA,15,5/1/18,20,Y
Over Exp,26,1,5/15/18,F,5/29/18,NA,14,6/4/18,20,Y
Over Exp,26,14,5/15/18,F,5/29/18,NA,14,6/3/18,19,Y
Over Exp,12,1,4/11/18,F,4/24/18,NA,13,5/1/18,20,Y
Over Exp,12,3,4/11/18,F,4/24/18,NA,13,5/2/18,21,Y
Over Exp,12,18,4/11/18,F,4/24/18,NA,13,5/1/18,20,Y
Over Exp,12,19,4/11/18,F,4/24/18,NA,13,5/3/18,22,Y
Over Exp,26,6,5/15/18,F,5/28/18,NA,13,NA,NA,Y
Over Exp,26,9,5/15/18,F,5/28/18,NA,13,6/5/18,21,Y
Over Exp,26,13,5/15/18,F,5/28/18,NA,13,6/4/18,20,Y
Over Exp,101,7,6/25/19,F,7/8/19,0.2158,13,NA,NA,Y
Over Exp,101,11,6/25/19,F,7/8/19,0.199,13,NA,NA,Y
Over Exp,12,8,4/11/18,F,4/23/18,NA,12,5/2/18,21,Y
Over Exp,12,12,4/11/18,F,4/23/18,NA,12,5/3/18,22,Y
Over Exp,12,16,4/11/18,F,4/23/18,NA,12,5/3/18,22,Y
Over Exp,12,21,4/11/18,F,4/23/18,NA,12,5/1/18,20,Y
Over Exp,12,35,4/11/18,F,4/23/18,NA,12,5/2/18,21,Y
Over Exp,12,38,4/11/18,F,4/23/18,NA,12,5/3/18,22,Y
Over Exp,12,39,4/11/18,F,4/23/18,NA,12,5/2/18,21,Y
Over Exp,12,41,4/11/18,F,4/23/18,NA,12,5/3/18,22,Y
Over Exp,12,42,4/11/18,F,4/23/18,NA,12,5/1/18,20,Y
Over Exp,55,8,7/19/18,F,7/31/18,0.4023,12,NA,NA,Y
Over Exp,55,17,7/19/18,F,7/31/18,0.3992,12,NA,NA,Y
Over Exp,55,46,7/19/18,F,7/31/18,0.3686,12,NA,NA,Y
Over Exp,26,4,5/15/18,F,5/27/18,NA,12,6/5/18,21,Y
Over Exp,26,11,5/15/18,F,5/27/18,NA,12,6/3/18,19,Y
Over Exp,26,16,5/15/18,F,5/27/18,NA,12,6/3/18,19,Y
Over Exp,101,1,6/25/19,F,7/7/19,0.3316,12,NA,NA,Y
Over Exp,101,5,6/25/19,F,7/7/19,0.3137,12,NA,NA,Y
Over Exp,101,20,6/25/19,F,7/7/19,0.266,12,NA,NA,Y
Over Exp,12,10,4/11/18,F,4/22/18,NA,11,5/1/18,20,Y
Over Exp,12,11,4/11/18,F,4/22/18,NA,11,5/2/18,21,Y
Over Exp,12,15,4/11/18,F,4/22/18,NA,11,5/1/18,20,Y
Over Exp,12,34,4/11/18,F,4/22/18,NA,11,5/2/18,21,Y
Over Exp,55,21,7/19/18,F,7/30/18,0.3762,11,NA,NA,Y
Over Exp,55,23,7/19/18,F,7/30/18,0.3562,11,NA,NA,Y
Over Exp,55,24,7/19/18,F,7/30/18,0.3174,11,NA,NA,Y
Over Exp,55,25,7/19/18,F,7/30/18,0.3758,11,NA,NA,Y
Over Exp,55,26,7/19/18,F,7/30/18,0.3065,11,NA,NA,Y
Over Exp,55,41,7/19/18,F,7/30/18,0.3445,11,NA,NA,Y
Over Exp,55,47,7/19/18,F,7/30/18,0.336,11,NA,NA,Y
Over Exp,101,12,6/25/19,F,7/5/19,0.3194,10,NA,NA,Y
Over Exp,101,25,6/25/19,F,7/5/19,0.2997,10,NA,NA,Y
SoundRoom,6,21,10/25/17,F,11/11/17,0.3827,17,11/23/17,29,N
SoundRoom,5,40,10/23/17,F,11/8/17,0.3709,16,11/19/17,27,N
SoundRoom,5,57,10/23/17,F,11/8/17,0.3543,16,11/21/17,29,N
SoundRoom,6,24,10/25/17,F,11/10/17,0.3933,16,11/21/17,27,N
SoundRoom,5,3,10/25/17,F,11/9/17,0.3914,15,11/22/17,28,N
SoundRoom,5,7,10/25/17,F,11/9/17,0.3871,15,11/21/17,27,N
SoundRoom,5,26,10/25/17,F,11/9/17,0.3531,15,11/21/17,27,N
SoundRoom,5,38,10/25/17,F,11/9/17,0.3789,15,11/21/17,27,N
SoundRoom,6,6,10/25/17,F,11/9/17,0.4109,15,11/21/17,27,N
SoundRoom,6,17,10/25/17,F,11/9/17,0.3901,15,11/21/17,27,N
SoundRoom,6,34,10/25/17,F,11/9/17,0.4126,15,11/21/17,27,N
SoundRoom,6,36,10/25/17,F,11/9/17,0.3778,15,11/21/17,27,N
SoundRoom,6,42,10/25/17,F,11/9/17,0.38,15,11/21/17,27,N
SoundRoom,5,6,10/25/17,F,11/8/17,0.3693,14,11/20/17,26,N
SoundRoom,5,9,10/25/17,F,11/8/17,0.3673,14,11/20/17,26,N
SoundRoom,5,10,10/25/17,F,11/8/17,0.2995,14,DEAD,NA,N
SoundRoom,5,11,10/25/17,F,11/8/17,0.4236,14,11/21/17,27,N
SoundRoom,5,15,10/25/17,F,11/8/17,0.3627,14,11/21/17,27,N
SoundRoom,5,17,10/25/17,F,11/8/17,0.3737,14,11/20/17,26,N
SoundRoom,5,19,10/25/17,F,11/8/17,0.4013,14,11/21/17,27,N
SoundRoom,5,23,10/25/17,F,11/8/17,0.4016,14,11/21/17,27,N
SoundRoom,5,25,10/25/17,F,11/8/17,0.3952,14,11/20/17,26,N
SoundRoom,5,31,10/25/17,F,11/8/17,0.4099,14,11/20/17,26,N
SoundRoom,5,33,10/25/17,F,11/8/17,0.3859,14,11/20/17,26,N
SoundRoom,5,35,10/25/17,F,11/8/17,0.3906,14,11/21/17,27,N
SoundRoom,5,41,10/25/17,F,11/8/17,0.3475,14,DEAD,NA,N
SoundRoom,5,42,10/25/17,F,11/8/17,0.4052,14,11/20/17,26,N
SoundRoom,5,44,10/25/17,F,11/8/17,0.3609,14,11/21/17,27,N
SoundRoom,5,46,10/25/17,F,11/8/17,0.3768,14,11/20/17,26,N
SoundRoom,5,52,10/25/17,F,11/8/17,0.3606,14,11/20/17,26,N
SoundRoom,5,54,10/25/17,F,11/8/17,0.3665,14,11/20/17,26,N
SoundRoom,5,58,10/25/17,F,11/8/17,0.3891,14,11/20/17,26,N
SoundRoom,5,64,10/25/17,F,11/8/17,0.3842,14,DEAD,NA,N
SoundRoom,5,6,10/23/17,F,11/6/17,0.3303,14,11/17/17,25,N
SoundRoom,5,11,10/23/17,F,11/6/17,0.3474,14,11/17/17,25,N
SoundRoom,5,20,10/23/17,F,11/6/17,0.3775,14,11/17/17,25,N
SoundRoom,5,21,10/23/17,F,11/6/17,0.2465,14,11/19/17,27,N
SoundRoom,5,26,10/23/17,F,11/6/17,0.3884,14,11/19/17,27,N
SoundRoom,5,46,10/23/17,F,11/6/17,0.3033,14,DEAD,NA,N
SoundRoom,5,61,10/23/17,F,11/6/17,0.3687,14,11/17/17,25,N
SoundRoom,6,2,10/25/17,F,11/8/17,0.3461,14,11/20/17,26,N
SoundRoom,6,4,10/25/17,F,11/8/17,0.3429,14,11/21/17,27,N
SoundRoom,6,5,10/25/17,F,11/8/17,0.4096,14,11/20/17,26,N
SoundRoom,6,12,10/25/17,F,11/8/17,0.4292,14,11/20/17,26,N
SoundRoom,6,15,10/25/17,F,11/8/17,0.4113,14,11/20/17,26,N
SoundRoom,6,18,10/25/17,F,11/8/17,0.3847,14,11/20/17,26,N
SoundRoom,6,22,10/25/17,F,11/8/17,0.3887,14,11/20/17,26,N
SoundRoom,6,37,10/25/17,F,11/8/17,0.421,14,11/21/17,27,N
SoundRoom,6,39,10/25/17,F,11/8/17,0.3472,14,11/20/17,26,N
SoundRoom,6,40,10/25/17,F,11/8/17,0.4139,14,11/21/17,27,N
SoundRoom,6,41,10/25/17,F,11/8/17,0.3865,14,11/20/17,26,N
SoundRoom,6,44,10/25/17,F,11/8/17,0.3822,14,11/21/17,27,N
SoundRoom,6,50,10/25/17,F,11/8/17,0.3465,14,11/20/17,26,N
SoundRoom,6,53,10/25/17,F,11/8/17,0.3278,14,11/21/17,27,N
SoundRoom,5,21,10/25/17,F,11/7/17,0.335,13,DEAD,NA,N
SoundRoom,5,30,10/25/17,F,11/7/17,0.3544,13,11/21/17,27,N
SoundRoom,5,55,10/25/17,F,11/7/17,0.3563,13,11/20/17,26,N
SoundRoom,5,3,10/23/17,F,11/5/17,0.3257,13,11/17/17,25,N
SoundRoom,5,5,10/23/17,F,11/5/17,0.3649,13,11/19/17,27,N
SoundRoom,5,10,10/23/17,F,11/5/17,0.38,13,11/17/17,25,N
SoundRoom,5,13,10/23/17,F,11/5/17,0.3533,13,11/18/17,26,N
SoundRoom,5,18,10/23/17,F,11/5/17,0.3903,13,11/17/17,25,N
SoundRoom,5,31,10/23/17,F,11/5/17,0.3654,13,11/17/17,25,N
SoundRoom,5,43,10/23/17,F,11/5/17,0.3225,13,11/17/17,25,N
SoundRoom,5,51,10/23/17,F,11/5/17,0.3816,13,11/17/17,25,N
SoundRoom,5,53,10/23/17,F,11/5/17,0.3714,13,11/17/17,25,N
SoundRoom,5,54,10/23/17,F,11/5/17,0.4162,13,11/18/17,26,N
SoundRoom,5,63,10/23/17,F,11/5/17,0.3747,13,11/17/17,25,N
SoundRoom,5,64,10/23/17,F,11/5/17,NA,13,11/17/17,25,N
SoundRoom,6,60,10/25/17,F,11/7/17,0.3509,13,11/20/17,26,N
SoundRoom,6,61,10/25/17,F,11/7/17,0.3507,13,11/20/17,26,N
SoundRoom,6,63,10/25/17,F,11/7/17,0.3428,13,11/20/17,26,N
SoundRoom,5,59,10/25/17,F,11/6/17,0.3272,12,11/20/17,26,N
SoundRoom,5,35,10/23/17,F,11/4/17,0.3435,12,11/18/17,26,N
SoundRoom,6,25,10/25/17,F,11/6/17,0.3372,12,11/20/17,26,N
SoundRoom,6,26,10/25/17,F,11/6/17,0.3236,12,11/20/17,26,N
SoundRoom,6,45,10/25/17,F,11/6/17,0.3586,12,11/20/17,26,N
SoundRoom,6,52,10/25/17,F,11/6/17,0.3643,12,11/20/17,26,N